flight_date,airport,temperature,weather_condition
2023-01-01,JFK,16.5,Clear
2023-01-01,LAX,13.3,Cloudy
2023-01-01,ORD,17.1,Storm
2023-01-01,ATL,22.0,Storm
2023-01-01,DFW,15.3,Storm
2023-01-02,JFK,30.0,Cloudy
2023-01-02,LAX,16.6,Cloudy
2023-01-02,ORD,21.6,Cloudy
2023-01-02,ATL,18.1,Sunny
2023-01-02,DFW,22.9,Rain
2023-01-03,JFK,25.5,Cloudy
2023-01-03,LAX,20.1,Sunny
2023-01-03,ORD,21.1,Storm
2023-01-03,ATL,8.2,Clear
2023-01-03,DFW,22.6,Cloudy
2023-01-04,JFK,16.1,Sunny
2023-01-04,LAX,25.2,Cloudy
2023-01-04,ORD,24.6,Sunny
2023-01-04,ATL,19.0,Cloudy
2023-01-04,DFW,15.4,Sunny
2023-01-05,JFK,26.3,Storm
2023-01-05,LAX,27.8,Sunny
2023-01-05,ORD,21.3,Cloudy
2023-01-05,ATL,12.6,Rain
2023-01-05,DFW,20.9,Storm
2023-01-06,JFK,29.2,Clear
2023-01-06,LAX,26.3,Sunny
2023-01-06,ORD,27.7,Cloudy
2023-01-06,ATL,12.6,Rain
2023-01-06,DFW,18.3,Sunny
2023-01-07,JFK,27.8,Rain
2023-01-07,LAX,25.0,Cloudy
2023-01-07,ORD,14.4,Rain
2023-01-07,ATL,12.6,Storm
2023-01-07,DFW,20.3,Cloudy
2023-01-08,JFK,26.1,Sunny
2023-01-08,LAX,25.7,Cloudy
2023-01-08,ORD,22.4,Rain
2023-01-08,ATL,14.3,Storm
2023-01-08,DFW,6.7,Cloudy
2023-01-09,JFK,14.1,Cloudy
2023-01-09,LAX,7.2,Clear
2023-01-09,ORD,8.4,Clear
2023-01-09,ATL,18.8,Clear
2023-01-09,DFW,13.0,Storm
2023-01-10,JFK,28.5,Cloudy
2023-01-10,LAX,10.3,Rain
2023-01-10,ORD,13.6,Sunny
2023-01-10,ATL,28.6,Clear
2023-01-10,DFW,10.4,Clear
2023-01-11,JFK,5.2,Sunny
2023-01-11,LAX,28.2,Rain
2023-01-11,ORD,19.4,Storm
2023-01-11,ATL,29.7,Clear
2023-01-11,DFW,26.1,Sunny
2023-01-12,JFK,28.3,Rain
2023-01-12,LAX,7.7,Rain
2023-01-12,ORD,18.3,Cloudy
2023-01-12,ATL,18.6,Clear
2023-01-12,DFW,6.9,Sunny
2023-01-13,JFK,10.1,Rain
2023-01-13,LAX,17.0,Sunny
2023-01-13,ORD,8.1,Sunny
2023-01-13,ATL,5.1,Rain
2023-01-13,DFW,11.4,Storm
2023-01-14,JFK,26.3,Storm
2023-01-14,LAX,27.4,Sunny
2023-01-14,ORD,29.0,Sunny
2023-01-14,ATL,5.4,Rain
2023-01-14,DFW,19.6,Sunny
2023-01-15,JFK,9.3,Storm
2023-01-15,LAX,22.1,Rain
2023-01-15,ORD,23.7,Rain
2023-01-15,ATL,14.4,Clear
2023-01-15,DFW,14.8,Sunny
2023-01-16,JFK,17.5,Cloudy
2023-01-16,LAX,7.9,Sunny
2023-01-16,ORD,12.8,Sunny
2023-01-16,ATL,28.0,Rain
2023-01-16,DFW,12.2,Rain
2023-01-17,JFK,11.0,Storm
2023-01-17,LAX,19.6,Cloudy
2023-01-17,ORD,16.0,Rain
2023-01-17,ATL,14.1,Clear
2023-01-17,DFW,24.4,Rain
2023-01-18,JFK,27.8,Sunny
2023-01-18,LAX,29.4,Clear
2023-01-18,ORD,26.9,Storm
2023-01-18,ATL,26.3,Rain
2023-01-18,DFW,22.3,Cloudy
2023-01-19,JFK,15.9,Cloudy
2023-01-19,LAX,29.0,Sunny
2023-01-19,ORD,28.6,Storm
2023-01-19,ATL,11.5,Rain
2023-01-19,DFW,27.8,Storm
2023-01-20,JFK,9.1,Cloudy
2023-01-20,LAX,25.9,Storm
2023-01-20,ORD,13.0,Storm
2023-01-20,ATL,7.5,Rain
2023-01-20,DFW,7.9,Sunny
2023-01-21,JFK,7.8,Clear
2023-01-21,LAX,29.9,Storm
2023-01-21,ORD,28.8,Rain
2023-01-21,ATL,29.3,Rain
2023-01-21,DFW,8.9,Cloudy
2023-01-22,JFK,20.3,Sunny
2023-01-22,LAX,11.7,Rain
2023-01-22,ORD,18.6,Storm
2023-01-22,ATL,26.0,Sunny
2023-01-22,DFW,19.8,Cloudy
2023-01-23,JFK,13.6,Clear
2023-01-23,LAX,26.5,Clear
2023-01-23,ORD,16.1,Storm
2023-01-23,ATL,12.4,Storm
2023-01-23,DFW,11.6,Clear
2023-01-24,JFK,16.0,Cloudy
2023-01-24,LAX,13.2,Sunny
2023-01-24,ORD,13.8,Sunny
2023-01-24,ATL,9.0,Cloudy
2023-01-24,DFW,5.2,Clear
2023-01-25,JFK,5.3,Cloudy
2023-01-25,LAX,23.7,Storm
2023-01-25,ORD,11.2,Rain
2023-01-25,ATL,24.7,Cloudy
2023-01-25,DFW,19.7,Rain
2023-01-26,JFK,27.1,Sunny
2023-01-26,LAX,6.1,Sunny
2023-01-26,ORD,26.6,Storm
2023-01-26,ATL,18.1,Clear
2023-01-26,DFW,15.2,Storm
2023-01-27,JFK,27.3,Storm
2023-01-27,LAX,11.3,Cloudy
2023-01-27,ORD,17.3,Sunny
2023-01-27,ATL,6.0,Sunny
2023-01-27,DFW,6.0,Storm
2023-01-28,JFK,25.9,Clear
2023-01-28,LAX,24.1,Cloudy
2023-01-28,ORD,14.5,Clear
2023-01-28,ATL,27.3,Clear
2023-01-28,DFW,5.5,Storm
2023-01-29,JFK,19.5,Cloudy
2023-01-29,LAX,25.5,Rain
2023-01-29,ORD,11.2,Sunny
2023-01-29,ATL,16.7,Clear
2023-01-29,DFW,17.2,Rain
2023-01-30,JFK,16.2,Clear
2023-01-30,LAX,22.1,Cloudy
2023-01-30,ORD,8.2,Sunny
2023-01-30,ATL,6.4,Clear
2023-01-30,DFW,13.8,Cloudy
2023-01-31,JFK,18.8,Rain
2023-01-31,LAX,14.6,Clear
2023-01-31,ORD,9.7,Sunny
2023-01-31,ATL,23.9,Storm
2023-01-31,DFW,11.0,Rain
2023-02-01,JFK,10.7,Rain
2023-02-01,LAX,16.3,Sunny
2023-02-01,ORD,18.8,Rain
2023-02-01,ATL,20.1,Sunny
2023-02-01,DFW,22.4,Sunny
2023-02-02,JFK,20.2,Storm
2023-02-02,LAX,23.0,Sunny
2023-02-02,ORD,29.5,Sunny
2023-02-02,ATL,17.1,Clear
2023-02-02,DFW,7.2,Storm
2023-02-03,JFK,7.7,Sunny
2023-02-03,LAX,7.5,Rain
2023-02-03,ORD,29.6,Rain
2023-02-03,ATL,12.8,Storm
2023-02-03,DFW,6.5,Sunny
2023-02-04,JFK,5.9,Rain
2023-02-04,LAX,28.9,Sunny
2023-02-04,ORD,25.1,Rain
2023-02-04,ATL,14.8,Storm
2023-02-04,DFW,21.7,Storm
2023-02-05,JFK,10.2,Storm
2023-02-05,LAX,18.5,Rain
2023-02-05,ORD,11.3,Clear
2023-02-05,ATL,10.9,Storm
2023-02-05,DFW,19.3,Rain
2023-02-06,JFK,11.1,Cloudy
2023-02-06,LAX,15.2,Cloudy
2023-02-06,ORD,21.9,Cloudy
2023-02-06,ATL,20.1,Cloudy
2023-02-06,DFW,25.9,Storm
2023-02-07,JFK,19.2,Storm
2023-02-07,LAX,24.9,Rain
2023-02-07,ORD,17.3,Clear
2023-02-07,ATL,9.0,Rain
2023-02-07,DFW,14.5,Sunny
2023-02-08,JFK,25.9,Sunny
2023-02-08,LAX,17.3,Rain
2023-02-08,ORD,21.2,Storm
2023-02-08,ATL,27.7,Storm
2023-02-08,DFW,15.9,Storm
2023-02-09,JFK,23.3,Rain
2023-02-09,LAX,22.6,Storm
2023-02-09,ORD,6.4,Clear
2023-02-09,ATL,10.8,Rain
2023-02-09,DFW,23.9,Cloudy
2023-02-10,JFK,11.5,Sunny
2023-02-10,LAX,5.7,Storm
2023-02-10,ORD,18.9,Storm
2023-02-10,ATL,13.2,Sunny
2023-02-10,DFW,15.9,Cloudy
2023-02-11,JFK,18.6,Sunny
2023-02-11,LAX,25.4,Clear
2023-02-11,ORD,25.6,Cloudy
2023-02-11,ATL,28.7,Sunny
2023-02-11,DFW,20.8,Storm
2023-02-12,JFK,26.4,Cloudy
2023-02-12,LAX,8.4,Rain
2023-02-12,ORD,10.3,Storm
2023-02-12,ATL,22.2,Sunny
2023-02-12,DFW,10.5,Clear
2023-02-13,JFK,19.4,Storm
2023-02-13,LAX,21.3,Sunny
2023-02-13,ORD,6.3,Storm
2023-02-13,ATL,27.9,Cloudy
2023-02-13,DFW,13.6,Rain
2023-02-14,JFK,17.1,Rain
2023-02-14,LAX,10.1,Rain
2023-02-14,ORD,5.1,Rain
2023-02-14,ATL,17.4,Sunny
2023-02-14,DFW,6.0,Rain
2023-02-15,JFK,19.2,Sunny
2023-02-15,LAX,12.9,Rain
2023-02-15,ORD,18.8,Clear
2023-02-15,ATL,19.5,Rain
2023-02-15,DFW,16.8,Storm
2023-02-16,JFK,21.9,Cloudy
2023-02-16,LAX,7.9,Cloudy
2023-02-16,ORD,8.2,Storm
2023-02-16,ATL,8.9,Cloudy
2023-02-16,DFW,29.7,Cloudy
2023-02-17,JFK,9.8,Sunny
2023-02-17,LAX,12.9,Rain
2023-02-17,ORD,27.3,Storm
2023-02-17,ATL,24.5,Cloudy
2023-02-17,DFW,28.4,Rain
2023-02-18,JFK,15.9,Rain
2023-02-18,LAX,13.5,Rain
2023-02-18,ORD,13.0,Sunny
2023-02-18,ATL,29.9,Clear
2023-02-18,DFW,13.9,Cloudy
2023-02-19,JFK,9.1,Clear
2023-02-19,LAX,5.7,Rain
2023-02-19,ORD,14.3,Sunny
2023-02-19,ATL,22.4,Storm
2023-02-19,DFW,27.9,Rain
2023-02-20,JFK,22.6,Storm
2023-02-20,LAX,6.3,Clear
2023-02-20,ORD,12.5,Clear
2023-02-20,ATL,14.1,Cloudy
2023-02-20,DFW,10.2,Sunny
2023-02-21,JFK,5.3,Storm
2023-02-21,LAX,26.9,Rain
2023-02-21,ORD,12.1,Sunny
2023-02-21,ATL,8.6,Storm
2023-02-21,DFW,10.4,Rain
2023-02-22,JFK,16.8,Cloudy
2023-02-22,LAX,18.1,Cloudy
2023-02-22,ORD,25.3,Storm
2023-02-22,ATL,14.9,Rain
2023-02-22,DFW,12.4,Clear
2023-02-23,JFK,16.2,Rain
2023-02-23,LAX,22.4,Storm
2023-02-23,ORD,23.5,Rain
2023-02-23,ATL,5.2,Rain
2023-02-23,DFW,29.4,Sunny
2023-02-24,JFK,11.6,Cloudy
2023-02-24,LAX,26.2,Clear
2023-02-24,ORD,26.6,Clear
2023-02-24,ATL,14.8,Cloudy
2023-02-24,DFW,7.2,Rain
2023-02-25,JFK,28.0,Storm
2023-02-25,LAX,17.9,Cloudy
2023-02-25,ORD,20.3,Cloudy
2023-02-25,ATL,7.6,Storm
2023-02-25,DFW,10.4,Rain
2023-02-26,JFK,11.9,Cloudy
2023-02-26,LAX,24.8,Clear
2023-02-26,ORD,12.1,Sunny
2023-02-26,ATL,9.4,Cloudy
2023-02-26,DFW,14.7,Rain
2023-02-27,JFK,6.6,Sunny
2023-02-27,LAX,27.0,Rain
2023-02-27,ORD,16.2,Cloudy
2023-02-27,ATL,9.8,Rain
2023-02-27,DFW,9.5,Storm
2023-02-28,JFK,15.9,Sunny
2023-02-28,LAX,29.3,Clear
2023-02-28,ORD,17.1,Rain
2023-02-28,ATL,13.0,Cloudy
2023-02-28,DFW,29.1,Rain
2023-03-01,JFK,27.1,Cloudy
2023-03-01,LAX,27.2,Storm
2023-03-01,ORD,29.8,Rain
2023-03-01,ATL,11.4,Clear
2023-03-01,DFW,6.6,Clear
2023-03-02,JFK,19.6,Storm
2023-03-02,LAX,13.4,Rain
2023-03-02,ORD,14.2,Sunny
2023-03-02,ATL,18.9,Sunny
2023-03-02,DFW,13.7,Storm
2023-03-03,JFK,25.1,Sunny
2023-03-03,LAX,8.2,Storm
2023-03-03,ORD,22.0,Storm
2023-03-03,ATL,14.2,Cloudy
2023-03-03,DFW,9.6,Rain
2023-03-04,JFK,19.9,Storm
2023-03-04,LAX,26.1,Rain
2023-03-04,ORD,12.3,Cloudy
2023-03-04,ATL,22.2,Cloudy
2023-03-04,DFW,21.1,Cloudy
2023-03-05,JFK,7.4,Sunny
2023-03-05,LAX,19.2,Storm
2023-03-05,ORD,19.3,Sunny
2023-03-05,ATL,17.6,Sunny
2023-03-05,DFW,18.1,Rain
2023-03-06,JFK,10.7,Rain
2023-03-06,LAX,15.1,Rain
2023-03-06,ORD,6.3,Cloudy
2023-03-06,ATL,12.4,Cloudy
2023-03-06,DFW,15.3,Rain
2023-03-07,JFK,8.2,Sunny
2023-03-07,LAX,5.6,Clear
2023-03-07,ORD,30.0,Rain
2023-03-07,ATL,8.8,Clear
2023-03-07,DFW,26.6,Cloudy
2023-03-08,JFK,20.8,Storm
2023-03-08,LAX,22.0,Sunny
2023-03-08,ORD,22.9,Cloudy
2023-03-08,ATL,16.0,Storm
2023-03-08,DFW,24.5,Cloudy
2023-03-09,JFK,24.3,Sunny
2023-03-09,LAX,14.3,Rain
2023-03-09,ORD,15.9,Sunny
2023-03-09,ATL,6.6,Clear
2023-03-09,DFW,9.6,Storm
2023-03-10,JFK,14.9,Cloudy
2023-03-10,LAX,15.6,Rain
2023-03-10,ORD,18.1,Rain
2023-03-10,ATL,21.1,Storm
2023-03-10,DFW,9.8,Storm
2023-03-11,JFK,14.2,Storm
2023-03-11,LAX,21.7,Storm
2023-03-11,ORD,7.2,Rain
2023-03-11,ATL,12.3,Clear
2023-03-11,DFW,24.0,Clear
2023-03-12,JFK,25.6,Cloudy
2023-03-12,LAX,11.0,Sunny
2023-03-12,ORD,11.9,Storm
2023-03-12,ATL,22.9,Cloudy
2023-03-12,DFW,28.3,Storm
2023-03-13,JFK,12.5,Sunny
2023-03-13,LAX,17.8,Clear
2023-03-13,ORD,14.3,Clear
2023-03-13,ATL,28.8,Rain
2023-03-13,DFW,11.3,Cloudy
2023-03-14,JFK,18.9,Clear
2023-03-14,LAX,22.8,Cloudy
2023-03-14,ORD,15.4,Rain
2023-03-14,ATL,16.9,Storm
2023-03-14,DFW,19.6,Sunny
2023-03-15,JFK,10.8,Clear
2023-03-15,LAX,7.0,Sunny
2023-03-15,ORD,25.7,Clear
2023-03-15,ATL,12.9,Clear
2023-03-15,DFW,22.3,Sunny
2023-03-16,JFK,17.1,Sunny
2023-03-16,LAX,11.3,Clear
2023-03-16,ORD,13.9,Storm
2023-03-16,ATL,13.6,Cloudy
2023-03-16,DFW,16.5,Storm
2023-03-17,JFK,26.3,Cloudy
2023-03-17,LAX,6.3,Rain
2023-03-17,ORD,23.1,Clear
2023-03-17,ATL,11.2,Cloudy
2023-03-17,DFW,27.8,Cloudy
2023-03-18,JFK,26.3,Sunny
2023-03-18,LAX,16.4,Rain
2023-03-18,ORD,8.8,Storm
2023-03-18,ATL,19.4,Rain
2023-03-18,DFW,27.5,Clear
2023-03-19,JFK,21.1,Storm
2023-03-19,LAX,16.6,Clear
2023-03-19,ORD,23.7,Clear
2023-03-19,ATL,26.5,Sunny
2023-03-19,DFW,13.9,Sunny
2023-03-20,JFK,29.3,Sunny
2023-03-20,LAX,25.2,Rain
2023-03-20,ORD,24.2,Cloudy
2023-03-20,ATL,9.4,Storm
2023-03-20,DFW,16.4,Cloudy
2023-03-21,JFK,7.2,Sunny
2023-03-21,LAX,20.0,Cloudy
2023-03-21,ORD,14.6,Clear
2023-03-21,ATL,19.8,Clear
2023-03-21,DFW,22.3,Cloudy
2023-03-22,JFK,23.7,Clear
2023-03-22,LAX,16.9,Storm
2023-03-22,ORD,12.8,Cloudy
2023-03-22,ATL,15.2,Storm
2023-03-22,DFW,25.2,Cloudy
2023-03-23,JFK,17.3,Clear
2023-03-23,LAX,28.2,Cloudy
2023-03-23,ORD,25.2,Cloudy
2023-03-23,ATL,6.3,Storm
2023-03-23,DFW,7.9,Rain
2023-03-24,JFK,20.0,Rain
2023-03-24,LAX,10.3,Clear
2023-03-24,ORD,26.0,Clear
2023-03-24,ATL,16.2,Cloudy
2023-03-24,DFW,15.6,Clear
2023-03-25,JFK,6.1,Sunny
2023-03-25,LAX,12.0,Rain
2023-03-25,ORD,28.5,Rain
2023-03-25,ATL,25.9,Rain
2023-03-25,DFW,16.6,Rain
2023-03-26,JFK,9.3,Sunny
2023-03-26,LAX,12.9,Rain
2023-03-26,ORD,21.6,Storm
2023-03-26,ATL,23.4,Storm
2023-03-26,DFW,10.8,Cloudy
2023-03-27,JFK,12.0,Cloudy
2023-03-27,LAX,8.4,Cloudy
2023-03-27,ORD,5.3,Cloudy
2023-03-27,ATL,13.5,Clear
2023-03-27,DFW,10.9,Sunny
2023-03-28,JFK,9.7,Rain
2023-03-28,LAX,15.7,Storm
2023-03-28,ORD,11.3,Sunny
2023-03-28,ATL,24.4,Storm
2023-03-28,DFW,16.6,Sunny
2023-03-29,JFK,11.9,Storm
2023-03-29,LAX,6.2,Rain
2023-03-29,ORD,23.3,Clear
2023-03-29,ATL,14.2,Sunny
2023-03-29,DFW,8.5,Cloudy
2023-03-30,JFK,24.1,Storm
2023-03-30,LAX,15.3,Sunny
2023-03-30,ORD,27.3,Storm
2023-03-30,ATL,21.7,Cloudy
2023-03-30,DFW,25.6,Clear
2023-03-31,JFK,14.0,Rain
2023-03-31,LAX,25.5,Rain
2023-03-31,ORD,20.0,Rain
2023-03-31,ATL,14.9,Storm
2023-03-31,DFW,29.4,Clear
2023-04-01,JFK,15.5,Clear
2023-04-01,LAX,16.0,Storm
2023-04-01,ORD,26.0,Cloudy
2023-04-01,ATL,9.3,Sunny
2023-04-01,DFW,13.4,Cloudy
2023-04-02,JFK,11.1,Storm
2023-04-02,LAX,15.7,Clear
2023-04-02,ORD,10.1,Storm
2023-04-02,ATL,21.3,Rain
2023-04-02,DFW,13.9,Clear
2023-04-03,JFK,19.4,Rain
2023-04-03,LAX,9.8,Clear
2023-04-03,ORD,12.0,Sunny
2023-04-03,ATL,6.4,Clear
2023-04-03,DFW,16.2,Cloudy
2023-04-04,JFK,20.2,Sunny
2023-04-04,LAX,5.2,Rain
2023-04-04,ORD,8.0,Clear
2023-04-04,ATL,14.7,Cloudy
2023-04-04,DFW,11.8,Clear
2023-04-05,JFK,11.1,Sunny
2023-04-05,LAX,27.9,Storm
2023-04-05,ORD,23.3,Cloudy
2023-04-05,ATL,17.6,Clear
2023-04-05,DFW,25.1,Sunny
2023-04-06,JFK,20.4,Clear
2023-04-06,LAX,27.2,Rain
2023-04-06,ORD,16.9,Rain
2023-04-06,ATL,24.3,Cloudy
2023-04-06,DFW,15.7,Sunny
2023-04-07,JFK,8.4,Storm
2023-04-07,LAX,29.1,Storm
2023-04-07,ORD,19.8,Clear
2023-04-07,ATL,19.1,Sunny
2023-04-07,DFW,17.7,Rain
2023-04-08,JFK,9.7,Clear
2023-04-08,LAX,26.8,Storm
2023-04-08,ORD,13.2,Storm
2023-04-08,ATL,22.6,Sunny
2023-04-08,DFW,8.1,Rain
2023-04-09,JFK,12.8,Clear
2023-04-09,LAX,24.6,Sunny
2023-04-09,ORD,21.8,Sunny
2023-04-09,ATL,9.3,Rain
2023-04-09,DFW,9.2,Rain
2023-04-10,JFK,6.3,Sunny
2023-04-10,LAX,23.4,Cloudy
2023-04-10,ORD,24.3,Storm
2023-04-10,ATL,19.5,Clear
2023-04-10,DFW,26.9,Sunny
2023-04-11,JFK,22.2,Sunny
2023-04-11,LAX,25.1,Rain
2023-04-11,ORD,25.9,Cloudy
2023-04-11,ATL,13.9,Cloudy
2023-04-11,DFW,15.1,Clear
2023-04-12,JFK,11.0,Rain
2023-04-12,LAX,6.9,Rain
2023-04-12,ORD,28.2,Storm
2023-04-12,ATL,20.7,Sunny
2023-04-12,DFW,10.0,Sunny
2023-04-13,JFK,21.3,Rain
2023-04-13,LAX,27.8,Storm
2023-04-13,ORD,21.4,Cloudy
2023-04-13,ATL,29.5,Storm
2023-04-13,DFW,23.1,Sunny
2023-04-14,JFK,29.5,Rain
2023-04-14,LAX,5.7,Storm
2023-04-14,ORD,9.1,Sunny
2023-04-14,ATL,28.4,Cloudy
2023-04-14,DFW,5.5,Cloudy
2023-04-15,JFK,19.0,Cloudy
2023-04-15,LAX,14.0,Cloudy
2023-04-15,ORD,19.1,Cloudy
2023-04-15,ATL,24.4,Storm
2023-04-15,DFW,20.0,Sunny
2023-04-16,JFK,27.7,Cloudy
2023-04-16,LAX,28.8,Sunny
2023-04-16,ORD,7.5,Cloudy
2023-04-16,ATL,13.1,Clear
2023-04-16,DFW,29.6,Clear
2023-04-17,JFK,24.3,Clear
2023-04-17,LAX,29.7,Rain
2023-04-17,ORD,13.4,Sunny
2023-04-17,ATL,24.2,Cloudy
2023-04-17,DFW,12.9,Sunny
2023-04-18,JFK,9.9,Cloudy
2023-04-18,LAX,22.9,Clear
2023-04-18,ORD,20.2,Clear
2023-04-18,ATL,14.8,Clear
2023-04-18,DFW,16.8,Storm
2023-04-19,JFK,10.4,Sunny
2023-04-19,LAX,28.7,Rain
2023-04-19,ORD,14.1,Clear
2023-04-19,ATL,28.3,Rain
2023-04-19,DFW,8.0,Clear
2023-04-20,JFK,24.2,Sunny
2023-04-20,LAX,25.9,Clear
2023-04-20,ORD,26.0,Rain
2023-04-20,ATL,19.6,Cloudy
2023-04-20,DFW,15.9,Rain
2023-04-21,JFK,10.7,Storm
2023-04-21,LAX,6.9,Sunny
2023-04-21,ORD,12.1,Rain
2023-04-21,ATL,19.6,Rain
2023-04-21,DFW,6.3,Sunny
2023-04-22,JFK,25.9,Storm
2023-04-22,LAX,28.5,Clear
2023-04-22,ORD,14.3,Storm
2023-04-22,ATL,13.4,Sunny
2023-04-22,DFW,23.9,Storm
2023-04-23,JFK,8.6,Sunny
2023-04-23,LAX,25.2,Cloudy
2023-04-23,ORD,16.5,Sunny
2023-04-23,ATL,29.4,Cloudy
2023-04-23,DFW,10.4,Cloudy
2023-04-24,JFK,8.9,Storm
2023-04-24,LAX,23.4,Clear
2023-04-24,ORD,25.8,Clear
2023-04-24,ATL,6.0,Rain
2023-04-24,DFW,26.5,Clear
2023-04-25,JFK,10.2,Sunny
2023-04-25,LAX,18.2,Cloudy
2023-04-25,ORD,26.9,Rain
2023-04-25,ATL,9.5,Cloudy
2023-04-25,DFW,22.0,Rain
2023-04-26,JFK,19.4,Rain
2023-04-26,LAX,29.3,Rain
2023-04-26,ORD,6.1,Cloudy
2023-04-26,ATL,7.8,Storm
2023-04-26,DFW,8.8,Rain
2023-04-27,JFK,12.3,Clear
2023-04-27,LAX,15.1,Clear
2023-04-27,ORD,29.2,Cloudy
2023-04-27,ATL,13.1,Clear
2023-04-27,DFW,25.2,Storm
2023-04-28,JFK,25.8,Storm
2023-04-28,LAX,20.7,Cloudy
2023-04-28,ORD,16.9,Cloudy
2023-04-28,ATL,27.0,Storm
2023-04-28,DFW,9.5,Storm
2023-04-29,JFK,14.8,Sunny
2023-04-29,LAX,5.4,Sunny
2023-04-29,ORD,27.2,Clear
2023-04-29,ATL,29.3,Sunny
2023-04-29,DFW,21.3,Rain
2023-04-30,JFK,13.3,Clear
2023-04-30,LAX,22.0,Sunny
2023-04-30,ORD,14.4,Clear
2023-04-30,ATL,15.8,Sunny
2023-04-30,DFW,19.9,Clear
2023-05-01,JFK,13.4,Rain
2023-05-01,LAX,23.8,Clear
2023-05-01,ORD,10.4,Clear
2023-05-01,ATL,5.2,Rain
2023-05-01,DFW,12.0,Storm
2023-05-02,JFK,28.9,Storm
2023-05-02,LAX,5.1,Storm
2023-05-02,ORD,8.2,Cloudy
2023-05-02,ATL,7.1,Cloudy
2023-05-02,DFW,15.1,Rain
2023-05-03,JFK,13.9,Rain
2023-05-03,LAX,6.6,Clear
2023-05-03,ORD,8.7,Clear
2023-05-03,ATL,26.7,Rain
2023-05-03,DFW,10.9,Clear
2023-05-04,JFK,12.4,Storm
2023-05-04,LAX,12.1,Clear
2023-05-04,ORD,9.5,Sunny
2023-05-04,ATL,11.2,Storm
2023-05-04,DFW,5.5,Sunny
2023-05-05,JFK,27.9,Clear
2023-05-05,LAX,24.1,Cloudy
2023-05-05,ORD,9.4,Sunny
2023-05-05,ATL,23.9,Clear
2023-05-05,DFW,23.8,Storm
2023-05-06,JFK,16.9,Clear
2023-05-06,LAX,16.5,Rain
2023-05-06,ORD,15.6,Cloudy
2023-05-06,ATL,26.6,Clear
2023-05-06,DFW,13.0,Clear
2023-05-07,JFK,27.3,Clear
2023-05-07,LAX,18.2,Cloudy
2023-05-07,ORD,9.6,Sunny
2023-05-07,ATL,26.4,Cloudy
2023-05-07,DFW,13.3,Cloudy
2023-05-08,JFK,11.8,Rain
2023-05-08,LAX,12.7,Rain
2023-05-08,ORD,27.7,Cloudy
2023-05-08,ATL,14.1,Cloudy
2023-05-08,DFW,12.8,Cloudy
2023-05-09,JFK,27.8,Rain
2023-05-09,LAX,17.5,Sunny
2023-05-09,ORD,24.7,Storm
2023-05-09,ATL,15.9,Storm
2023-05-09,DFW,14.0,Cloudy
2023-05-10,JFK,29.2,Clear
2023-05-10,LAX,10.9,Clear
2023-05-10,ORD,11.6,Clear
2023-05-10,ATL,29.7,Rain
2023-05-10,DFW,17.7,Storm
2023-05-11,JFK,24.5,Clear
2023-05-11,LAX,15.2,Sunny
2023-05-11,ORD,11.7,Clear
2023-05-11,ATL,14.3,Cloudy
2023-05-11,DFW,21.3,Cloudy
2023-05-12,JFK,7.3,Storm
2023-05-12,LAX,28.9,Sunny
2023-05-12,ORD,17.8,Cloudy
2023-05-12,ATL,15.4,Rain
2023-05-12,DFW,6.3,Clear
2023-05-13,JFK,28.0,Cloudy
2023-05-13,LAX,27.3,Storm
2023-05-13,ORD,19.4,Clear
2023-05-13,ATL,28.7,Rain
2023-05-13,DFW,9.9,Clear
2023-05-14,JFK,15.1,Rain
2023-05-14,LAX,28.2,Cloudy
2023-05-14,ORD,12.9,Sunny
2023-05-14,ATL,26.8,Storm
2023-05-14,DFW,10.4,Clear
2023-05-15,JFK,21.2,Cloudy
2023-05-15,LAX,20.7,Rain
2023-05-15,ORD,12.5,Clear
2023-05-15,ATL,11.9,Sunny
2023-05-15,DFW,8.8,Cloudy
2023-05-16,JFK,12.8,Clear
2023-05-16,LAX,21.5,Clear
2023-05-16,ORD,13.5,Sunny
2023-05-16,ATL,10.9,Rain
2023-05-16,DFW,7.0,Sunny
2023-05-17,JFK,21.1,Cloudy
2023-05-17,LAX,21.3,Storm
2023-05-17,ORD,20.0,Storm
2023-05-17,ATL,5.8,Clear
2023-05-17,DFW,8.7,Storm
2023-05-18,JFK,7.0,Clear
2023-05-18,LAX,10.7,Cloudy
2023-05-18,ORD,27.1,Rain
2023-05-18,ATL,16.8,Sunny
2023-05-18,DFW,25.0,Rain
2023-05-19,JFK,13.9,Rain
2023-05-19,LAX,15.6,Clear
2023-05-19,ORD,23.9,Rain
2023-05-19,ATL,18.3,Sunny
2023-05-19,DFW,28.9,Rain
2023-05-20,JFK,28.6,Sunny
2023-05-20,LAX,22.3,Rain
2023-05-20,ORD,26.9,Storm
2023-05-20,ATL,6.9,Cloudy
2023-05-20,DFW,13.9,Clear
2023-05-21,JFK,13.2,Cloudy
2023-05-21,LAX,8.3,Sunny
2023-05-21,ORD,9.9,Rain
2023-05-21,ATL,5.3,Clear
2023-05-21,DFW,27.0,Storm
2023-05-22,JFK,25.3,Sunny
2023-05-22,LAX,9.5,Rain
2023-05-22,ORD,29.7,Sunny
2023-05-22,ATL,10.4,Rain
2023-05-22,DFW,12.9,Cloudy
2023-05-23,JFK,28.9,Storm
2023-05-23,LAX,13.6,Sunny
2023-05-23,ORD,9.0,Clear
2023-05-23,ATL,15.6,Clear
2023-05-23,DFW,19.8,Sunny
2023-05-24,JFK,24.8,Storm
2023-05-24,LAX,11.9,Rain
2023-05-24,ORD,11.0,Storm
2023-05-24,ATL,5.9,Clear
2023-05-24,DFW,22.8,Cloudy
2023-05-25,JFK,7.8,Clear
2023-05-25,LAX,11.1,Rain
2023-05-25,ORD,15.2,Storm
2023-05-25,ATL,20.9,Storm
2023-05-25,DFW,29.4,Cloudy
2023-05-26,JFK,28.4,Sunny
2023-05-26,LAX,29.1,Rain
2023-05-26,ORD,19.0,Clear
2023-05-26,ATL,21.6,Storm
2023-05-26,DFW,26.9,Clear
2023-05-27,JFK,27.6,Sunny
2023-05-27,LAX,24.3,Clear
2023-05-27,ORD,25.4,Cloudy
2023-05-27,ATL,8.8,Sunny
2023-05-27,DFW,22.6,Sunny
2023-05-28,JFK,21.5,Rain
2023-05-28,LAX,19.9,Cloudy
2023-05-28,ORD,14.8,Cloudy
2023-05-28,ATL,21.3,Cloudy
2023-05-28,DFW,7.2,Storm
2023-05-29,JFK,5.8,Storm
2023-05-29,LAX,22.4,Sunny
2023-05-29,ORD,12.9,Cloudy
2023-05-29,ATL,14.6,Clear
2023-05-29,DFW,10.7,Cloudy
2023-05-30,JFK,5.1,Clear
2023-05-30,LAX,27.0,Rain
2023-05-30,ORD,8.6,Cloudy
2023-05-30,ATL,21.0,Rain
2023-05-30,DFW,28.1,Clear
2023-05-31,JFK,5.7,Rain
2023-05-31,LAX,26.3,Cloudy
2023-05-31,ORD,11.8,Cloudy
2023-05-31,ATL,22.9,Storm
2023-05-31,DFW,26.0,Sunny
2023-06-01,JFK,6.2,Sunny
2023-06-01,LAX,9.8,Sunny
2023-06-01,ORD,13.1,Rain
2023-06-01,ATL,28.8,Rain
2023-06-01,DFW,25.4,Clear
2023-06-02,JFK,29.7,Cloudy
2023-06-02,LAX,16.8,Storm
2023-06-02,ORD,15.6,Clear
2023-06-02,ATL,10.6,Sunny
2023-06-02,DFW,7.2,Sunny
2023-06-03,JFK,23.4,Sunny
2023-06-03,LAX,11.8,Cloudy
2023-06-03,ORD,23.9,Rain
2023-06-03,ATL,23.0,Cloudy
2023-06-03,DFW,10.2,Cloudy
2023-06-04,JFK,23.7,Rain
2023-06-04,LAX,5.3,Rain
2023-06-04,ORD,8.4,Cloudy
2023-06-04,ATL,13.8,Sunny
2023-06-04,DFW,14.0,Storm
2023-06-05,JFK,15.1,Rain
2023-06-05,LAX,15.2,Sunny
2023-06-05,ORD,8.1,Rain
2023-06-05,ATL,18.0,Rain
2023-06-05,DFW,12.7,Cloudy
2023-06-06,JFK,26.1,Cloudy
2023-06-06,LAX,8.2,Storm
2023-06-06,ORD,10.6,Rain
2023-06-06,ATL,22.5,Rain
2023-06-06,DFW,23.8,Sunny
2023-06-07,JFK,20.5,Sunny
2023-06-07,LAX,26.2,Sunny
2023-06-07,ORD,14.7,Sunny
2023-06-07,ATL,5.5,Sunny
2023-06-07,DFW,5.2,Clear
2023-06-08,JFK,21.0,Clear
2023-06-08,LAX,11.1,Sunny
2023-06-08,ORD,21.8,Sunny
2023-06-08,ATL,28.1,Clear
2023-06-08,DFW,19.4,Clear
2023-06-09,JFK,15.9,Sunny
2023-06-09,LAX,22.9,Clear
2023-06-09,ORD,26.5,Clear
2023-06-09,ATL,13.5,Rain
2023-06-09,DFW,5.1,Cloudy
2023-06-10,JFK,15.3,Storm
2023-06-10,LAX,19.8,Rain
2023-06-10,ORD,23.4,Cloudy
2023-06-10,ATL,26.2,Storm
2023-06-10,DFW,24.9,Clear
2023-06-11,JFK,10.2,Cloudy
2023-06-11,LAX,13.4,Storm
2023-06-11,ORD,8.7,Rain
2023-06-11,ATL,11.9,Cloudy
2023-06-11,DFW,28.6,Cloudy
2023-06-12,JFK,16.0,Sunny
2023-06-12,LAX,24.9,Cloudy
2023-06-12,ORD,28.6,Clear
2023-06-12,ATL,28.6,Rain
2023-06-12,DFW,13.9,Storm
2023-06-13,JFK,19.3,Clear
2023-06-13,LAX,7.6,Cloudy
2023-06-13,ORD,29.6,Rain
2023-06-13,ATL,25.7,Sunny
2023-06-13,DFW,16.8,Rain
2023-06-14,JFK,28.3,Storm
2023-06-14,LAX,6.9,Clear
2023-06-14,ORD,9.2,Rain
2023-06-14,ATL,7.3,Rain
2023-06-14,DFW,11.9,Sunny
2023-06-15,JFK,28.0,Sunny
2023-06-15,LAX,15.7,Rain
2023-06-15,ORD,10.8,Clear
2023-06-15,ATL,27.9,Sunny
2023-06-15,DFW,21.7,Sunny
2023-06-16,JFK,21.5,Storm
2023-06-16,LAX,8.2,Clear
2023-06-16,ORD,13.8,Rain
2023-06-16,ATL,17.7,Storm
2023-06-16,DFW,15.9,Rain
2023-06-17,JFK,25.6,Cloudy
2023-06-17,LAX,29.8,Storm
2023-06-17,ORD,8.5,Sunny
2023-06-17,ATL,12.7,Storm
2023-06-17,DFW,10.8,Cloudy
2023-06-18,JFK,26.3,Sunny
2023-06-18,LAX,12.0,Clear
2023-06-18,ORD,19.9,Rain
2023-06-18,ATL,12.2,Clear
2023-06-18,DFW,7.8,Sunny
2023-06-19,JFK,5.9,Rain
2023-06-19,LAX,26.9,Sunny
2023-06-19,ORD,27.0,Clear
2023-06-19,ATL,22.6,Clear
2023-06-19,DFW,25.7,Cloudy
2023-06-20,JFK,9.8,Sunny
2023-06-20,LAX,21.1,Sunny
2023-06-20,ORD,24.8,Rain
2023-06-20,ATL,15.5,Cloudy
2023-06-20,DFW,17.6,Clear
2023-06-21,JFK,10.0,Storm
2023-06-21,LAX,9.9,Storm
2023-06-21,ORD,27.7,Sunny
2023-06-21,ATL,7.2,Storm
2023-06-21,DFW,26.9,Sunny
2023-06-22,JFK,14.7,Cloudy
2023-06-22,LAX,22.4,Sunny
2023-06-22,ORD,28.3,Sunny
2023-06-22,ATL,21.4,Sunny
2023-06-22,DFW,22.1,Sunny
2023-06-23,JFK,8.2,Rain
2023-06-23,LAX,11.5,Cloudy
2023-06-23,ORD,10.8,Sunny
2023-06-23,ATL,9.3,Storm
2023-06-23,DFW,28.6,Clear
2023-06-24,JFK,18.6,Clear
2023-06-24,LAX,8.3,Rain
2023-06-24,ORD,24.7,Rain
2023-06-24,ATL,28.0,Storm
2023-06-24,DFW,29.3,Sunny
2023-06-25,JFK,11.3,Rain
2023-06-25,LAX,6.2,Cloudy
2023-06-25,ORD,5.4,Storm
2023-06-25,ATL,9.0,Clear
2023-06-25,DFW,14.9,Sunny
2023-06-26,JFK,8.7,Sunny
2023-06-26,LAX,9.0,Cloudy
2023-06-26,ORD,18.0,Sunny
2023-06-26,ATL,9.7,Clear
2023-06-26,DFW,29.5,Storm
2023-06-27,JFK,5.7,Rain
2023-06-27,LAX,19.9,Storm
2023-06-27,ORD,17.2,Clear
2023-06-27,ATL,28.6,Cloudy
2023-06-27,DFW,5.4,Clear
2023-06-28,JFK,29.5,Clear
2023-06-28,LAX,18.1,Rain
2023-06-28,ORD,27.5,Sunny
2023-06-28,ATL,27.9,Storm
2023-06-28,DFW,29.0,Rain
2023-06-29,JFK,10.0,Cloudy
2023-06-29,LAX,19.2,Sunny
2023-06-29,ORD,7.2,Cloudy
2023-06-29,ATL,27.2,Storm
2023-06-29,DFW,24.9,Sunny
2023-06-30,JFK,29.2,Cloudy
2023-06-30,LAX,6.2,Cloudy
2023-06-30,ORD,25.8,Cloudy
2023-06-30,ATL,9.8,Cloudy
2023-06-30,DFW,11.1,Sunny
2023-07-01,JFK,23.5,Clear
2023-07-01,LAX,11.9,Cloudy
2023-07-01,ORD,19.5,Cloudy
2023-07-01,ATL,8.4,Clear
2023-07-01,DFW,9.5,Sunny
2023-07-02,JFK,16.1,Cloudy
2023-07-02,LAX,19.8,Cloudy
2023-07-02,ORD,11.3,Clear
2023-07-02,ATL,21.3,Storm
2023-07-02,DFW,17.0,Storm
2023-07-03,JFK,9.3,Sunny
2023-07-03,LAX,25.2,Rain
2023-07-03,ORD,11.8,Cloudy
2023-07-03,ATL,28.2,Clear
2023-07-03,DFW,16.8,Storm
2023-07-04,JFK,23.9,Rain
2023-07-04,LAX,19.8,Clear
2023-07-04,ORD,20.2,Storm
2023-07-04,ATL,15.4,Clear
2023-07-04,DFW,17.3,Clear
2023-07-05,JFK,28.7,Rain
2023-07-05,LAX,24.8,Cloudy
2023-07-05,ORD,27.8,Clear
2023-07-05,ATL,11.9,Clear
2023-07-05,DFW,28.6,Cloudy
2023-07-06,JFK,28.4,Cloudy
2023-07-06,LAX,11.0,Clear
2023-07-06,ORD,26.5,Cloudy
2023-07-06,ATL,13.4,Storm
2023-07-06,DFW,9.6,Cloudy
2023-07-07,JFK,19.4,Sunny
2023-07-07,LAX,20.2,Rain
2023-07-07,ORD,6.3,Clear
2023-07-07,ATL,18.0,Cloudy
2023-07-07,DFW,11.6,Rain
2023-07-08,JFK,14.1,Clear
2023-07-08,LAX,8.8,Storm
2023-07-08,ORD,21.1,Sunny
2023-07-08,ATL,27.8,Sunny
2023-07-08,DFW,19.6,Cloudy
2023-07-09,JFK,12.8,Rain
2023-07-09,LAX,25.7,Cloudy
2023-07-09,ORD,20.4,Storm
2023-07-09,ATL,23.4,Clear
2023-07-09,DFW,16.4,Cloudy
2023-07-10,JFK,21.5,Clear
2023-07-10,LAX,10.7,Rain
2023-07-10,ORD,24.3,Cloudy
2023-07-10,ATL,12.5,Sunny
2023-07-10,DFW,24.9,Sunny
2023-07-11,JFK,22.1,Clear
2023-07-11,LAX,9.5,Clear
2023-07-11,ORD,15.1,Clear
2023-07-11,ATL,21.0,Cloudy
2023-07-11,DFW,25.7,Storm
2023-07-12,JFK,8.6,Clear
2023-07-12,LAX,22.8,Storm
2023-07-12,ORD,14.9,Storm
2023-07-12,ATL,9.8,Clear
2023-07-12,DFW,21.4,Rain
2023-07-13,JFK,13.1,Rain
2023-07-13,LAX,7.0,Cloudy
2023-07-13,ORD,27.9,Cloudy
2023-07-13,ATL,13.9,Sunny
2023-07-13,DFW,13.8,Sunny
2023-07-14,JFK,24.1,Storm
2023-07-14,LAX,27.2,Storm
2023-07-14,ORD,20.7,Cloudy
2023-07-14,ATL,10.2,Storm
2023-07-14,DFW,5.5,Rain
2023-07-15,JFK,20.4,Cloudy
2023-07-15,LAX,23.3,Sunny
2023-07-15,ORD,7.8,Sunny
2023-07-15,ATL,26.3,Cloudy
2023-07-15,DFW,29.0,Sunny
2023-07-16,JFK,21.5,Sunny
2023-07-16,LAX,29.6,Rain
2023-07-16,ORD,20.5,Storm
2023-07-16,ATL,20.8,Clear
2023-07-16,DFW,13.0,Cloudy
2023-07-17,JFK,19.3,Cloudy
2023-07-17,LAX,12.4,Cloudy
2023-07-17,ORD,18.1,Storm
2023-07-17,ATL,15.8,Cloudy
2023-07-17,DFW,23.0,Cloudy
2023-07-18,JFK,24.6,Clear
2023-07-18,LAX,11.8,Clear
2023-07-18,ORD,26.4,Cloudy
2023-07-18,ATL,21.7,Clear
2023-07-18,DFW,28.1,Clear
2023-07-19,JFK,22.9,Sunny
2023-07-19,LAX,7.4,Cloudy
2023-07-19,ORD,18.6,Cloudy
2023-07-19,ATL,17.3,Clear
2023-07-19,DFW,9.3,Storm
2023-07-20,JFK,12.3,Clear
2023-07-20,LAX,9.6,Storm
2023-07-20,ORD,20.3,Sunny
2023-07-20,ATL,16.6,Clear
2023-07-20,DFW,29.4,Storm
2023-07-21,JFK,24.7,Cloudy
2023-07-21,LAX,20.2,Rain
2023-07-21,ORD,25.2,Cloudy
2023-07-21,ATL,23.1,Rain
2023-07-21,DFW,12.0,Clear
2023-07-22,JFK,11.1,Rain
2023-07-22,LAX,27.7,Rain
2023-07-22,ORD,17.6,Rain
2023-07-22,ATL,10.3,Cloudy
2023-07-22,DFW,9.5,Sunny
2023-07-23,JFK,15.1,Sunny
2023-07-23,LAX,17.7,Cloudy
2023-07-23,ORD,8.8,Sunny
2023-07-23,ATL,5.1,Clear
2023-07-23,DFW,23.6,Clear
2023-07-24,JFK,11.2,Cloudy
2023-07-24,LAX,10.9,Sunny
2023-07-24,ORD,24.3,Storm
2023-07-24,ATL,8.2,Sunny
2023-07-24,DFW,21.2,Clear
2023-07-25,JFK,17.3,Storm
2023-07-25,LAX,24.1,Storm
2023-07-25,ORD,24.5,Storm
2023-07-25,ATL,7.4,Cloudy
2023-07-25,DFW,20.8,Rain
2023-07-26,JFK,13.1,Sunny
2023-07-26,LAX,22.9,Rain
2023-07-26,ORD,12.2,Clear
2023-07-26,ATL,14.1,Rain
2023-07-26,DFW,20.3,Sunny
2023-07-27,JFK,25.8,Cloudy
2023-07-27,LAX,5.2,Sunny
2023-07-27,ORD,11.4,Rain
2023-07-27,ATL,24.1,Sunny
2023-07-27,DFW,18.6,Rain
2023-07-28,JFK,23.9,Clear
2023-07-28,LAX,5.4,Storm
2023-07-28,ORD,11.8,Cloudy
2023-07-28,ATL,18.7,Clear
2023-07-28,DFW,17.4,Sunny
2023-07-29,JFK,15.9,Storm
2023-07-29,LAX,27.5,Sunny
2023-07-29,ORD,15.9,Sunny
2023-07-29,ATL,29.1,Clear
2023-07-29,DFW,16.1,Storm
2023-07-30,JFK,13.9,Clear
2023-07-30,LAX,6.5,Storm
2023-07-30,ORD,9.2,Sunny
2023-07-30,ATL,13.4,Rain
2023-07-30,DFW,25.6,Clear
2023-07-31,JFK,8.4,Clear
2023-07-31,LAX,16.1,Storm
2023-07-31,ORD,15.4,Clear
2023-07-31,ATL,21.9,Storm
2023-07-31,DFW,5.2,Storm
2023-08-01,JFK,26.7,Storm
2023-08-01,LAX,15.5,Cloudy
2023-08-01,ORD,6.9,Clear
2023-08-01,ATL,23.8,Rain
2023-08-01,DFW,28.4,Storm
2023-08-02,JFK,7.6,Rain
2023-08-02,LAX,23.6,Sunny
2023-08-02,ORD,9.0,Cloudy
2023-08-02,ATL,16.5,Storm
2023-08-02,DFW,11.5,Cloudy
2023-08-03,JFK,12.4,Sunny
2023-08-03,LAX,22.5,Storm
2023-08-03,ORD,27.8,Cloudy
2023-08-03,ATL,22.6,Storm
2023-08-03,DFW,24.4,Storm
2023-08-04,JFK,22.8,Sunny
2023-08-04,LAX,9.7,Clear
2023-08-04,ORD,8.5,Storm
2023-08-04,ATL,19.2,Sunny
2023-08-04,DFW,11.2,Clear
2023-08-05,JFK,27.8,Sunny
2023-08-05,LAX,26.1,Storm
2023-08-05,ORD,20.2,Clear
2023-08-05,ATL,25.1,Sunny
2023-08-05,DFW,28.8,Storm
2023-08-06,JFK,28.1,Sunny
2023-08-06,LAX,13.7,Storm
2023-08-06,ORD,8.8,Cloudy
2023-08-06,ATL,23.6,Sunny
2023-08-06,DFW,29.3,Sunny
2023-08-07,JFK,24.3,Sunny
2023-08-07,LAX,26.6,Sunny
2023-08-07,ORD,20.3,Clear
2023-08-07,ATL,18.2,Sunny
2023-08-07,DFW,29.2,Cloudy
2023-08-08,JFK,10.5,Clear
2023-08-08,LAX,22.5,Storm
2023-08-08,ORD,5.9,Rain
2023-08-08,ATL,10.5,Cloudy
2023-08-08,DFW,16.2,Rain
2023-08-09,JFK,13.7,Clear
2023-08-09,LAX,28.9,Clear
2023-08-09,ORD,9.5,Clear
2023-08-09,ATL,25.8,Clear
2023-08-09,DFW,24.9,Clear
2023-08-10,JFK,8.7,Cloudy
2023-08-10,LAX,15.1,Clear
2023-08-10,ORD,9.8,Rain
2023-08-10,ATL,27.7,Cloudy
2023-08-10,DFW,10.4,Sunny
2023-08-11,JFK,5.5,Sunny
2023-08-11,LAX,15.5,Sunny
2023-08-11,ORD,28.7,Clear
2023-08-11,ATL,29.9,Rain
2023-08-11,DFW,16.3,Clear
2023-08-12,JFK,28.2,Clear
2023-08-12,LAX,11.2,Storm
2023-08-12,ORD,26.2,Cloudy
2023-08-12,ATL,21.5,Storm
2023-08-12,DFW,18.6,Cloudy
2023-08-13,JFK,11.2,Cloudy
2023-08-13,LAX,23.5,Sunny
2023-08-13,ORD,18.6,Cloudy
2023-08-13,ATL,15.7,Sunny
2023-08-13,DFW,24.4,Storm
2023-08-14,JFK,14.1,Rain
2023-08-14,LAX,20.8,Clear
2023-08-14,ORD,29.5,Sunny
2023-08-14,ATL,8.1,Clear
2023-08-14,DFW,12.5,Sunny
2023-08-15,JFK,29.8,Cloudy
2023-08-15,LAX,29.4,Sunny
2023-08-15,ORD,26.3,Clear
2023-08-15,ATL,17.9,Cloudy
2023-08-15,DFW,5.3,Storm
2023-08-16,JFK,12.5,Clear
2023-08-16,LAX,29.1,Rain
2023-08-16,ORD,16.2,Sunny
2023-08-16,ATL,15.7,Clear
2023-08-16,DFW,10.8,Rain
2023-08-17,JFK,12.6,Rain
2023-08-17,LAX,7.8,Clear
2023-08-17,ORD,29.3,Clear
2023-08-17,ATL,22.5,Clear
2023-08-17,DFW,15.0,Sunny
2023-08-18,JFK,21.0,Rain
2023-08-18,LAX,24.7,Rain
2023-08-18,ORD,28.3,Rain
2023-08-18,ATL,6.6,Sunny
2023-08-18,DFW,19.7,Sunny
2023-08-19,JFK,5.5,Sunny
2023-08-19,LAX,6.4,Rain
2023-08-19,ORD,8.3,Clear
2023-08-19,ATL,11.5,Storm
2023-08-19,DFW,23.7,Cloudy
2023-08-20,JFK,10.3,Cloudy
2023-08-20,LAX,12.3,Rain
2023-08-20,ORD,26.4,Rain
2023-08-20,ATL,9.4,Clear
2023-08-20,DFW,11.3,Sunny
2023-08-21,JFK,10.6,Storm
2023-08-21,LAX,18.0,Clear
2023-08-21,ORD,17.8,Sunny
2023-08-21,ATL,29.5,Clear
2023-08-21,DFW,17.9,Cloudy
2023-08-22,JFK,14.6,Cloudy
2023-08-22,LAX,26.5,Cloudy
2023-08-22,ORD,9.5,Rain
2023-08-22,ATL,24.5,Storm
2023-08-22,DFW,7.4,Rain
2023-08-23,JFK,25.2,Cloudy
2023-08-23,LAX,13.9,Storm
2023-08-23,ORD,28.7,Cloudy
2023-08-23,ATL,26.6,Sunny
2023-08-23,DFW,13.8,Storm
2023-08-24,JFK,11.3,Rain
2023-08-24,LAX,28.0,Clear
2023-08-24,ORD,8.9,Clear
2023-08-24,ATL,14.7,Storm
2023-08-24,DFW,10.1,Sunny
2023-08-25,JFK,10.5,Cloudy
2023-08-25,LAX,21.9,Storm
2023-08-25,ORD,19.3,Storm
2023-08-25,ATL,10.8,Rain
2023-08-25,DFW,24.7,Cloudy
2023-08-26,JFK,16.4,Sunny
2023-08-26,LAX,11.1,Cloudy
2023-08-26,ORD,16.1,Cloudy
2023-08-26,ATL,21.0,Clear
2023-08-26,DFW,25.4,Storm
2023-08-27,JFK,14.9,Storm
2023-08-27,LAX,13.6,Storm
2023-08-27,ORD,7.6,Storm
2023-08-27,ATL,20.5,Clear
2023-08-27,DFW,12.9,Sunny
2023-08-28,JFK,26.5,Storm
2023-08-28,LAX,28.2,Storm
2023-08-28,ORD,20.6,Rain
2023-08-28,ATL,12.0,Clear
2023-08-28,DFW,12.8,Cloudy
2023-08-29,JFK,13.2,Sunny
2023-08-29,LAX,10.2,Rain
2023-08-29,ORD,26.9,Sunny
2023-08-29,ATL,13.9,Storm
2023-08-29,DFW,15.2,Clear
2023-08-30,JFK,15.3,Cloudy
2023-08-30,LAX,16.0,Cloudy
2023-08-30,ORD,19.6,Rain
2023-08-30,ATL,10.2,Clear
2023-08-30,DFW,17.1,Sunny
2023-08-31,JFK,28.8,Rain
2023-08-31,LAX,12.2,Rain
2023-08-31,ORD,13.2,Rain
2023-08-31,ATL,27.0,Rain
2023-08-31,DFW,9.1,Storm
2023-09-01,JFK,26.0,Clear
2023-09-01,LAX,28.3,Rain
2023-09-01,ORD,19.2,Sunny
2023-09-01,ATL,19.3,Clear
2023-09-01,DFW,13.4,Clear
2023-09-02,JFK,13.5,Rain
2023-09-02,LAX,14.4,Rain
2023-09-02,ORD,9.6,Rain
2023-09-02,ATL,19.3,Sunny
2023-09-02,DFW,6.7,Clear
2023-09-03,JFK,11.4,Clear
2023-09-03,LAX,16.2,Storm
2023-09-03,ORD,12.8,Cloudy
2023-09-03,ATL,21.3,Storm
2023-09-03,DFW,10.2,Sunny
2023-09-04,JFK,18.4,Clear
2023-09-04,LAX,25.4,Sunny
2023-09-04,ORD,23.0,Sunny
2023-09-04,ATL,26.2,Rain
2023-09-04,DFW,13.7,Cloudy
2023-09-05,JFK,16.2,Sunny
2023-09-05,LAX,29.7,Clear
2023-09-05,ORD,24.4,Clear
2023-09-05,ATL,7.1,Clear
2023-09-05,DFW,20.2,Sunny
2023-09-06,JFK,20.3,Cloudy
2023-09-06,LAX,26.9,Sunny
2023-09-06,ORD,25.8,Sunny
2023-09-06,ATL,5.3,Cloudy
2023-09-06,DFW,17.5,Sunny
2023-09-07,JFK,25.1,Storm
2023-09-07,LAX,28.3,Cloudy
2023-09-07,ORD,16.2,Cloudy
2023-09-07,ATL,7.1,Cloudy
2023-09-07,DFW,29.5,Clear
2023-09-08,JFK,17.2,Storm
2023-09-08,LAX,10.7,Clear
2023-09-08,ORD,7.3,Cloudy
2023-09-08,ATL,20.7,Storm
2023-09-08,DFW,9.1,Clear
2023-09-09,JFK,11.8,Cloudy
2023-09-09,LAX,15.9,Rain
2023-09-09,ORD,12.9,Clear
2023-09-09,ATL,20.6,Rain
2023-09-09,DFW,12.3,Rain
2023-09-10,JFK,18.8,Clear
2023-09-10,LAX,23.3,Storm
2023-09-10,ORD,18.9,Cloudy
2023-09-10,ATL,6.1,Sunny
2023-09-10,DFW,17.1,Clear
2023-09-11,JFK,6.7,Cloudy
2023-09-11,LAX,16.9,Cloudy
2023-09-11,ORD,16.8,Storm
2023-09-11,ATL,27.4,Rain
2023-09-11,DFW,12.5,Sunny
2023-09-12,JFK,27.4,Rain
2023-09-12,LAX,13.9,Clear
2023-09-12,ORD,7.4,Sunny
2023-09-12,ATL,8.1,Cloudy
2023-09-12,DFW,13.5,Rain
2023-09-13,JFK,9.5,Sunny
2023-09-13,LAX,14.9,Rain
2023-09-13,ORD,9.0,Clear
2023-09-13,ATL,6.2,Cloudy
2023-09-13,DFW,21.9,Sunny
2023-09-14,JFK,21.0,Rain
2023-09-14,LAX,10.2,Rain
2023-09-14,ORD,7.6,Storm
2023-09-14,ATL,23.8,Cloudy
2023-09-14,DFW,12.4,Cloudy
2023-09-15,JFK,28.5,Storm
2023-09-15,LAX,27.1,Cloudy
2023-09-15,ORD,13.6,Rain
2023-09-15,ATL,6.6,Storm
2023-09-15,DFW,5.2,Clear
2023-09-16,JFK,16.2,Rain
2023-09-16,LAX,19.6,Rain
2023-09-16,ORD,8.1,Rain
2023-09-16,ATL,10.7,Rain
2023-09-16,DFW,5.3,Sunny
2023-09-17,JFK,19.3,Clear
2023-09-17,LAX,8.3,Clear
2023-09-17,ORD,26.2,Rain
2023-09-17,ATL,11.6,Storm
2023-09-17,DFW,16.3,Sunny
2023-09-18,JFK,14.2,Clear
2023-09-18,LAX,14.5,Clear
2023-09-18,ORD,20.7,Rain
2023-09-18,ATL,6.2,Rain
2023-09-18,DFW,10.4,Rain
2023-09-19,JFK,15.6,Sunny
2023-09-19,LAX,14.7,Clear
2023-09-19,ORD,6.4,Clear
2023-09-19,ATL,21.9,Clear
2023-09-19,DFW,27.6,Clear
2023-09-20,JFK,14.6,Storm
2023-09-20,LAX,13.2,Cloudy
2023-09-20,ORD,24.2,Storm
2023-09-20,ATL,24.7,Storm
2023-09-20,DFW,28.5,Storm
2023-09-21,JFK,10.8,Rain
2023-09-21,LAX,6.6,Storm
2023-09-21,ORD,5.6,Rain
2023-09-21,ATL,5.1,Clear
2023-09-21,DFW,23.4,Cloudy
2023-09-22,JFK,10.9,Rain
2023-09-22,LAX,8.6,Sunny
2023-09-22,ORD,7.5,Storm
2023-09-22,ATL,5.4,Sunny
2023-09-22,DFW,9.1,Storm
2023-09-23,JFK,14.8,Rain
2023-09-23,LAX,5.8,Sunny
2023-09-23,ORD,5.7,Cloudy
2023-09-23,ATL,13.7,Sunny
2023-09-23,DFW,24.8,Cloudy
2023-09-24,JFK,6.9,Clear
2023-09-24,LAX,12.2,Storm
2023-09-24,ORD,13.8,Storm
2023-09-24,ATL,20.3,Sunny
2023-09-24,DFW,7.0,Storm
2023-09-25,JFK,28.1,Rain
2023-09-25,LAX,12.2,Cloudy
2023-09-25,ORD,26.0,Storm
2023-09-25,ATL,19.1,Cloudy
2023-09-25,DFW,17.4,Clear
2023-09-26,JFK,7.7,Storm
2023-09-26,LAX,25.9,Storm
2023-09-26,ORD,9.0,Rain
2023-09-26,ATL,7.0,Rain
2023-09-26,DFW,10.7,Cloudy
2023-09-27,JFK,19.0,Sunny
2023-09-27,LAX,9.8,Storm
2023-09-27,ORD,28.6,Cloudy
2023-09-27,ATL,17.8,Cloudy
2023-09-27,DFW,26.2,Clear
2023-09-28,JFK,8.6,Rain
2023-09-28,LAX,21.5,Sunny
2023-09-28,ORD,5.1,Storm
2023-09-28,ATL,6.1,Rain
2023-09-28,DFW,28.6,Sunny
2023-09-29,JFK,21.9,Cloudy
2023-09-29,LAX,14.6,Sunny
2023-09-29,ORD,14.2,Sunny
2023-09-29,ATL,9.6,Rain
2023-09-29,DFW,7.9,Sunny
2023-09-30,JFK,14.5,Sunny
2023-09-30,LAX,19.9,Rain
2023-09-30,ORD,12.3,Rain
2023-09-30,ATL,13.6,Clear
2023-09-30,DFW,16.9,Clear
2023-10-01,JFK,7.0,Rain
2023-10-01,LAX,27.5,Sunny
2023-10-01,ORD,27.0,Clear
2023-10-01,ATL,25.2,Rain
2023-10-01,DFW,6.3,Cloudy
2023-10-02,JFK,6.1,Storm
2023-10-02,LAX,14.4,Rain
2023-10-02,ORD,21.6,Clear
2023-10-02,ATL,19.6,Clear
2023-10-02,DFW,16.2,Sunny
2023-10-03,JFK,20.0,Storm
2023-10-03,LAX,12.1,Storm
2023-10-03,ORD,28.4,Cloudy
2023-10-03,ATL,6.3,Cloudy
2023-10-03,DFW,9.3,Cloudy
2023-10-04,JFK,14.1,Sunny
2023-10-04,LAX,20.4,Rain
2023-10-04,ORD,18.8,Storm
2023-10-04,ATL,19.1,Cloudy
2023-10-04,DFW,13.3,Cloudy
2023-10-05,JFK,11.4,Rain
2023-10-05,LAX,11.2,Storm
2023-10-05,ORD,15.4,Clear
2023-10-05,ATL,7.7,Cloudy
2023-10-05,DFW,8.4,Sunny
2023-10-06,JFK,27.0,Sunny
2023-10-06,LAX,12.7,Rain
2023-10-06,ORD,28.8,Storm
2023-10-06,ATL,25.4,Cloudy
2023-10-06,DFW,7.7,Storm
2023-10-07,JFK,18.5,Sunny
2023-10-07,LAX,6.3,Cloudy
2023-10-07,ORD,11.3,Storm
2023-10-07,ATL,12.6,Rain
2023-10-07,DFW,8.5,Storm
2023-10-08,JFK,20.2,Storm
2023-10-08,LAX,6.8,Storm
2023-10-08,ORD,24.9,Rain
2023-10-08,ATL,14.7,Storm
2023-10-08,DFW,12.3,Clear
2023-10-09,JFK,19.5,Rain
2023-10-09,LAX,9.7,Rain
2023-10-09,ORD,18.0,Sunny
2023-10-09,ATL,6.1,Rain
2023-10-09,DFW,29.5,Sunny
2023-10-10,JFK,17.4,Storm
2023-10-10,LAX,13.7,Sunny
2023-10-10,ORD,9.6,Storm
2023-10-10,ATL,26.1,Sunny
2023-10-10,DFW,27.5,Clear
2023-10-11,JFK,19.1,Rain
2023-10-11,LAX,24.0,Clear
2023-10-11,ORD,13.0,Storm
2023-10-11,ATL,22.6,Storm
2023-10-11,DFW,26.3,Sunny
2023-10-12,JFK,16.3,Cloudy
2023-10-12,LAX,21.8,Cloudy
2023-10-12,ORD,11.4,Sunny
2023-10-12,ATL,25.0,Sunny
2023-10-12,DFW,29.1,Sunny
2023-10-13,JFK,8.3,Storm
2023-10-13,LAX,18.1,Sunny
2023-10-13,ORD,5.3,Storm
2023-10-13,ATL,17.9,Clear
2023-10-13,DFW,9.8,Sunny
2023-10-14,JFK,22.7,Rain
2023-10-14,LAX,15.1,Sunny
2023-10-14,ORD,25.1,Cloudy
2023-10-14,ATL,16.9,Clear
2023-10-14,DFW,7.6,Rain
2023-10-15,JFK,29.9,Rain
2023-10-15,LAX,26.5,Sunny
2023-10-15,ORD,15.1,Rain
2023-10-15,ATL,17.8,Cloudy
2023-10-15,DFW,9.3,Sunny
2023-10-16,JFK,15.2,Clear
2023-10-16,LAX,19.5,Clear
2023-10-16,ORD,12.9,Clear
2023-10-16,ATL,27.6,Clear
2023-10-16,DFW,18.6,Sunny
2023-10-17,JFK,8.9,Sunny
2023-10-17,LAX,6.4,Rain
2023-10-17,ORD,25.0,Rain
2023-10-17,ATL,22.5,Cloudy
2023-10-17,DFW,12.3,Clear
2023-10-18,JFK,22.8,Rain
2023-10-18,LAX,22.8,Cloudy
2023-10-18,ORD,10.3,Clear
2023-10-18,ATL,13.8,Clear
2023-10-18,DFW,27.1,Rain
2023-10-19,JFK,6.8,Rain
2023-10-19,LAX,17.2,Rain
2023-10-19,ORD,11.9,Clear
2023-10-19,ATL,26.8,Cloudy
2023-10-19,DFW,21.0,Cloudy
2023-10-20,JFK,9.9,Sunny
2023-10-20,LAX,7.9,Clear
2023-10-20,ORD,12.2,Sunny
2023-10-20,ATL,20.2,Rain
2023-10-20,DFW,28.5,Rain
2023-10-21,JFK,12.1,Sunny
2023-10-21,LAX,8.9,Sunny
2023-10-21,ORD,16.7,Sunny
2023-10-21,ATL,10.3,Sunny
2023-10-21,DFW,26.4,Clear
2023-10-22,JFK,8.1,Cloudy
2023-10-22,LAX,28.3,Rain
2023-10-22,ORD,11.5,Sunny
2023-10-22,ATL,12.3,Rain
2023-10-22,DFW,16.8,Sunny
2023-10-23,JFK,17.6,Storm
2023-10-23,LAX,18.0,Clear
2023-10-23,ORD,5.1,Clear
2023-10-23,ATL,15.4,Cloudy
2023-10-23,DFW,20.1,Cloudy
2023-10-24,JFK,20.5,Rain
2023-10-24,LAX,23.1,Rain
2023-10-24,ORD,27.6,Cloudy
2023-10-24,ATL,18.8,Sunny
2023-10-24,DFW,25.3,Sunny
2023-10-25,JFK,14.1,Cloudy
2023-10-25,LAX,16.9,Storm
2023-10-25,ORD,19.9,Rain
2023-10-25,ATL,13.4,Cloudy
2023-10-25,DFW,21.3,Clear
2023-10-26,JFK,7.5,Cloudy
2023-10-26,LAX,23.9,Cloudy
2023-10-26,ORD,14.2,Sunny
2023-10-26,ATL,7.5,Rain
2023-10-26,DFW,6.9,Rain
2023-10-27,JFK,11.9,Clear
2023-10-27,LAX,29.4,Sunny
2023-10-27,ORD,25.7,Rain
2023-10-27,ATL,20.7,Clear
2023-10-27,DFW,18.4,Sunny
2023-10-28,JFK,12.9,Cloudy
2023-10-28,LAX,23.0,Storm
2023-10-28,ORD,15.8,Clear
2023-10-28,ATL,25.9,Cloudy
2023-10-28,DFW,5.2,Storm
2023-10-29,JFK,11.2,Storm
2023-10-29,LAX,6.9,Sunny
2023-10-29,ORD,9.4,Clear
2023-10-29,ATL,5.4,Cloudy
2023-10-29,DFW,23.9,Storm
2023-10-30,JFK,17.1,Rain
2023-10-30,LAX,27.6,Cloudy
2023-10-30,ORD,15.4,Storm
2023-10-30,ATL,13.6,Sunny
2023-10-30,DFW,23.8,Storm
2023-10-31,JFK,18.4,Storm
2023-10-31,LAX,18.5,Cloudy
2023-10-31,ORD,21.3,Storm
2023-10-31,ATL,15.9,Sunny
2023-10-31,DFW,25.9,Cloudy
2023-11-01,JFK,6.7,Cloudy
2023-11-01,LAX,18.3,Rain
2023-11-01,ORD,28.6,Sunny
2023-11-01,ATL,25.0,Sunny
2023-11-01,DFW,28.9,Storm
2023-11-02,JFK,25.3,Cloudy
2023-11-02,LAX,28.0,Sunny
2023-11-02,ORD,27.7,Sunny
2023-11-02,ATL,18.1,Rain
2023-11-02,DFW,24.0,Clear
2023-11-03,JFK,13.9,Clear
2023-11-03,LAX,24.4,Rain
2023-11-03,ORD,21.4,Clear
2023-11-03,ATL,23.5,Storm
2023-11-03,DFW,19.9,Rain
2023-11-04,JFK,9.5,Cloudy
2023-11-04,LAX,5.6,Rain
2023-11-04,ORD,15.7,Cloudy
2023-11-04,ATL,18.6,Sunny
2023-11-04,DFW,13.0,Cloudy
2023-11-05,JFK,12.5,Sunny
2023-11-05,LAX,17.8,Cloudy
2023-11-05,ORD,27.6,Clear
2023-11-05,ATL,10.2,Storm
2023-11-05,DFW,26.1,Storm
2023-11-06,JFK,19.9,Storm
2023-11-06,LAX,10.2,Storm
2023-11-06,ORD,17.9,Sunny
2023-11-06,ATL,26.9,Rain
2023-11-06,DFW,8.6,Sunny
2023-11-07,JFK,29.5,Rain
2023-11-07,LAX,15.5,Clear
2023-11-07,ORD,28.6,Clear
2023-11-07,ATL,7.2,Storm
2023-11-07,DFW,14.8,Sunny
2023-11-08,JFK,7.8,Rain
2023-11-08,LAX,28.4,Cloudy
2023-11-08,ORD,18.5,Storm
2023-11-08,ATL,19.6,Storm
2023-11-08,DFW,6.6,Sunny
2023-11-09,JFK,11.5,Rain
2023-11-09,LAX,29.7,Rain
2023-11-09,ORD,24.1,Rain
2023-11-09,ATL,7.3,Sunny
2023-11-09,DFW,15.2,Storm
2023-11-10,JFK,28.3,Storm
2023-11-10,LAX,10.7,Rain
2023-11-10,ORD,26.1,Clear
2023-11-10,ATL,6.7,Cloudy
2023-11-10,DFW,7.8,Sunny
2023-11-11,JFK,13.1,Storm
2023-11-11,LAX,28.9,Rain
2023-11-11,ORD,5.6,Cloudy
2023-11-11,ATL,20.4,Sunny
2023-11-11,DFW,23.8,Storm
2023-11-12,JFK,11.3,Storm
2023-11-12,LAX,27.5,Rain
2023-11-12,ORD,20.2,Sunny
2023-11-12,ATL,15.4,Rain
2023-11-12,DFW,20.2,Rain
2023-11-13,JFK,28.7,Storm
2023-11-13,LAX,22.4,Sunny
2023-11-13,ORD,19.9,Clear
2023-11-13,ATL,17.5,Cloudy
2023-11-13,DFW,20.3,Storm
2023-11-14,JFK,22.1,Rain
2023-11-14,LAX,29.0,Storm
2023-11-14,ORD,26.0,Storm
2023-11-14,ATL,22.1,Rain
2023-11-14,DFW,20.9,Rain
2023-11-15,JFK,18.9,Sunny
2023-11-15,LAX,23.7,Clear
2023-11-15,ORD,16.1,Rain
2023-11-15,ATL,26.2,Rain
2023-11-15,DFW,13.6,Rain
2023-11-16,JFK,14.9,Storm
2023-11-16,LAX,20.5,Sunny
2023-11-16,ORD,11.3,Storm
2023-11-16,ATL,10.0,Rain
2023-11-16,DFW,19.3,Sunny
2023-11-17,JFK,25.9,Sunny
2023-11-17,LAX,5.0,Cloudy
2023-11-17,ORD,27.2,Sunny
2023-11-17,ATL,16.6,Cloudy
2023-11-17,DFW,24.2,Rain
2023-11-18,JFK,17.9,Clear
2023-11-18,LAX,15.4,Rain
2023-11-18,ORD,11.7,Rain
2023-11-18,ATL,18.0,Rain
2023-11-18,DFW,17.2,Rain
2023-11-19,JFK,7.9,Storm
2023-11-19,LAX,12.3,Rain
2023-11-19,ORD,7.3,Cloudy
2023-11-19,ATL,29.4,Sunny
2023-11-19,DFW,22.7,Cloudy
2023-11-20,JFK,17.7,Sunny
2023-11-20,LAX,21.4,Cloudy
2023-11-20,ORD,24.6,Rain
2023-11-20,ATL,10.5,Cloudy
2023-11-20,DFW,8.8,Cloudy
2023-11-21,JFK,13.0,Rain
2023-11-21,LAX,29.9,Rain
2023-11-21,ORD,5.8,Sunny
2023-11-21,ATL,17.5,Sunny
2023-11-21,DFW,22.4,Sunny
2023-11-22,JFK,14.4,Cloudy
2023-11-22,LAX,20.8,Clear
2023-11-22,ORD,16.3,Storm
2023-11-22,ATL,20.0,Rain
2023-11-22,DFW,14.6,Sunny
2023-11-23,JFK,10.8,Rain
2023-11-23,LAX,12.4,Clear
2023-11-23,ORD,26.4,Rain
2023-11-23,ATL,15.4,Sunny
2023-11-23,DFW,9.1,Storm
2023-11-24,JFK,14.9,Clear
2023-11-24,LAX,21.6,Storm
2023-11-24,ORD,23.2,Clear
2023-11-24,ATL,28.0,Rain
2023-11-24,DFW,28.4,Clear
2023-11-25,JFK,7.9,Cloudy
2023-11-25,LAX,15.0,Storm
2023-11-25,ORD,14.5,Clear
2023-11-25,ATL,5.4,Sunny
2023-11-25,DFW,26.7,Sunny
2023-11-26,JFK,23.1,Sunny
2023-11-26,LAX,13.7,Storm
2023-11-26,ORD,11.8,Clear
2023-11-26,ATL,8.8,Clear
2023-11-26,DFW,18.4,Clear
2023-11-27,JFK,18.9,Storm
2023-11-27,LAX,27.8,Sunny
2023-11-27,ORD,27.6,Rain
2023-11-27,ATL,6.8,Sunny
2023-11-27,DFW,21.0,Sunny
2023-11-28,JFK,5.9,Clear
2023-11-28,LAX,23.7,Cloudy
2023-11-28,ORD,11.6,Clear
2023-11-28,ATL,25.5,Cloudy
2023-11-28,DFW,12.4,Rain
2023-11-29,JFK,21.8,Rain
2023-11-29,LAX,21.1,Cloudy
2023-11-29,ORD,8.1,Storm
2023-11-29,ATL,11.5,Sunny
2023-11-29,DFW,21.3,Storm
2023-11-30,JFK,25.5,Cloudy
2023-11-30,LAX,21.9,Rain
2023-11-30,ORD,26.1,Clear
2023-11-30,ATL,13.9,Sunny
2023-11-30,DFW,25.1,Sunny
2023-12-01,JFK,25.3,Cloudy
2023-12-01,LAX,16.7,Rain
2023-12-01,ORD,12.8,Cloudy
2023-12-01,ATL,7.7,Rain
2023-12-01,DFW,15.0,Rain
2023-12-02,JFK,21.8,Sunny
2023-12-02,LAX,20.4,Storm
2023-12-02,ORD,27.3,Clear
2023-12-02,ATL,20.1,Cloudy
2023-12-02,DFW,21.4,Sunny
2023-12-03,JFK,8.6,Rain
2023-12-03,LAX,12.5,Cloudy
2023-12-03,ORD,12.3,Sunny
2023-12-03,ATL,24.9,Cloudy
2023-12-03,DFW,14.8,Storm
2023-12-04,JFK,12.6,Sunny
2023-12-04,LAX,24.6,Sunny
2023-12-04,ORD,17.9,Cloudy
2023-12-04,ATL,6.5,Rain
2023-12-04,DFW,29.5,Sunny
2023-12-05,JFK,29.5,Clear
2023-12-05,LAX,7.9,Clear
2023-12-05,ORD,17.2,Storm
2023-12-05,ATL,28.9,Storm
2023-12-05,DFW,15.6,Clear
2023-12-06,JFK,23.6,Cloudy
2023-12-06,LAX,24.3,Cloudy
2023-12-06,ORD,22.7,Clear
2023-12-06,ATL,13.1,Cloudy
2023-12-06,DFW,24.8,Cloudy
2023-12-07,JFK,27.3,Sunny
2023-12-07,LAX,25.3,Rain
2023-12-07,ORD,22.7,Rain
2023-12-07,ATL,18.3,Rain
2023-12-07,DFW,18.9,Rain
2023-12-08,JFK,26.1,Rain
2023-12-08,LAX,11.9,Rain
2023-12-08,ORD,9.3,Storm
2023-12-08,ATL,19.4,Cloudy
2023-12-08,DFW,25.7,Clear
2023-12-09,JFK,17.4,Sunny
2023-12-09,LAX,27.8,Rain
2023-12-09,ORD,9.4,Rain
2023-12-09,ATL,25.4,Storm
2023-12-09,DFW,7.5,Cloudy
2023-12-10,JFK,14.1,Clear
2023-12-10,LAX,28.7,Clear
2023-12-10,ORD,7.6,Cloudy
2023-12-10,ATL,24.3,Sunny
2023-12-10,DFW,21.8,Rain
2023-12-11,JFK,9.7,Storm
2023-12-11,LAX,14.7,Rain
2023-12-11,ORD,6.0,Rain
2023-12-11,ATL,5.8,Rain
2023-12-11,DFW,22.0,Storm
2023-12-12,JFK,24.1,Rain
2023-12-12,LAX,5.5,Clear
2023-12-12,ORD,25.7,Clear
2023-12-12,ATL,15.5,Sunny
2023-12-12,DFW,7.7,Cloudy
2023-12-13,JFK,21.1,Storm
2023-12-13,LAX,16.4,Rain
2023-12-13,ORD,16.3,Storm
2023-12-13,ATL,26.9,Clear
2023-12-13,DFW,20.9,Rain
2023-12-14,JFK,10.6,Rain
2023-12-14,LAX,12.0,Sunny
2023-12-14,ORD,27.3,Rain
2023-12-14,ATL,12.5,Rain
2023-12-14,DFW,15.5,Storm
2023-12-15,JFK,20.5,Clear
2023-12-15,LAX,12.2,Storm
2023-12-15,ORD,15.4,Rain
2023-12-15,ATL,23.3,Cloudy
2023-12-15,DFW,5.5,Clear
2023-12-16,JFK,22.2,Sunny
2023-12-16,LAX,12.9,Rain
2023-12-16,ORD,20.5,Rain
2023-12-16,ATL,7.8,Cloudy
2023-12-16,DFW,9.4,Sunny
2023-12-17,JFK,11.0,Clear
2023-12-17,LAX,27.1,Rain
2023-12-17,ORD,24.4,Rain
2023-12-17,ATL,16.1,Clear
2023-12-17,DFW,27.9,Cloudy
2023-12-18,JFK,30.0,Sunny
2023-12-18,LAX,18.1,Rain
2023-12-18,ORD,19.2,Cloudy
2023-12-18,ATL,19.4,Clear
2023-12-18,DFW,25.2,Clear
2023-12-19,JFK,16.1,Storm
2023-12-19,LAX,12.5,Sunny
2023-12-19,ORD,17.8,Storm
2023-12-19,ATL,26.6,Rain
2023-12-19,DFW,26.0,Sunny
2023-12-20,JFK,25.0,Clear
2023-12-20,LAX,26.3,Rain
2023-12-20,ORD,15.3,Rain
2023-12-20,ATL,21.2,Rain
2023-12-20,DFW,6.6,Clear
2023-12-21,JFK,20.4,Rain
2023-12-21,LAX,23.9,Sunny
2023-12-21,ORD,20.1,Rain
2023-12-21,ATL,7.1,Clear
2023-12-21,DFW,26.8,Cloudy
2023-12-22,JFK,17.7,Rain
2023-12-22,LAX,16.5,Cloudy
2023-12-22,ORD,23.9,Sunny
2023-12-22,ATL,19.9,Sunny
2023-12-22,DFW,10.9,Storm
2023-12-23,JFK,24.4,Clear
2023-12-23,LAX,24.3,Cloudy
2023-12-23,ORD,13.7,Clear
2023-12-23,ATL,19.8,Clear
2023-12-23,DFW,16.2,Storm
2023-12-24,JFK,18.9,Cloudy
2023-12-24,LAX,11.3,Cloudy
2023-12-24,ORD,9.7,Rain
2023-12-24,ATL,8.1,Cloudy
2023-12-24,DFW,10.8,Rain
2023-12-25,JFK,22.7,Rain
2023-12-25,LAX,18.8,Storm
2023-12-25,ORD,10.4,Rain
2023-12-25,ATL,9.6,Sunny
2023-12-25,DFW,7.9,Cloudy
2023-12-26,JFK,29.3,Clear
2023-12-26,LAX,10.4,Sunny
2023-12-26,ORD,15.6,Clear
2023-12-26,ATL,8.2,Sunny
2023-12-26,DFW,17.1,Clear
2023-12-27,JFK,13.2,Clear
2023-12-27,LAX,11.1,Storm
2023-12-27,ORD,5.3,Storm
2023-12-27,ATL,23.2,Storm
2023-12-27,DFW,8.6,Cloudy
2023-12-28,JFK,26.9,Clear
2023-12-28,LAX,22.6,Rain
2023-12-28,ORD,14.8,Storm
2023-12-28,ATL,16.1,Storm
2023-12-28,DFW,11.3,Sunny
2023-12-29,JFK,19.5,Cloudy
2023-12-29,LAX,26.3,Storm
2023-12-29,ORD,29.5,Sunny
2023-12-29,ATL,20.5,Storm
2023-12-29,DFW,13.0,Storm
2023-12-30,JFK,18.5,Clear
2023-12-30,LAX,24.9,Cloudy
2023-12-30,ORD,29.2,Storm
2023-12-30,ATL,13.3,Clear
2023-12-30,DFW,5.6,Rain
2023-12-31,JFK,14.6,Clear
2023-12-31,LAX,25.9,Rain
2023-12-31,ORD,19.2,Clear
2023-12-31,ATL,10.1,Clear
2023-12-31,DFW,20.8,Sunny
