date,airport,temperature,weather_condition
2023-01-01,JFK,33.6,Clear
2023-01-01,LAX,32.0,Cloudy
2023-01-01,ORD,13.3,Sunny
2023-01-01,ATL,32.7,Sunny
2023-01-01,DFW,28.1,Sunny
2023-01-02,JFK,8.2,Storm
2023-01-02,LAX,19.6,Sunny
2023-01-02,ORD,28.9,Storm
2023-01-02,ATL,1.6,Sunny
2023-01-02,DFW,12.8,Clear
2023-01-03,JFK,13.7,Rain
2023-01-03,LAX,31.5,Sunny
2023-01-03,ORD,13.8,Rain
2023-01-03,ATL,21.3,Sunny
2023-01-03,DFW,10.8,Cloudy
2023-01-04,JFK,-0.5,Rain
2023-01-04,LAX,14.5,Clear
2023-01-04,ORD,8.3,Cloudy
2023-01-04,ATL,13.8,Clear
2023-01-04,DFW,10.3,Clear
2023-01-05,JFK,6.3,Clear
2023-01-05,LAX,21.1,Storm
2023-01-05,ORD,-0.1,Clear
2023-01-05,ATL,2.6,Rain
2023-01-05,DFW,31.0,Storm
2023-01-06,JFK,-7.5,Clear
2023-01-06,LAX,33.1,Storm
2023-01-06,ORD,-4.7,Cloudy
2023-01-06,ATL,31.2,Sunny
2023-01-06,DFW,7.1,Clear
2023-01-07,JFK,12.4,Rain
2023-01-07,LAX,15.9,Clear
2023-01-07,ORD,3.6,Clear
2023-01-07,ATL,33.0,Storm
2023-01-07,DFW,28.5,Sunny
2023-01-08,JFK,-8.5,Clear
2023-01-08,LAX,16.0,Storm
2023-01-08,ORD,1.0,Sunny
2023-01-08,ATL,15.2,Cloudy
2023-01-08,DFW,21.1,Cloudy
2023-01-09,JFK,-1.2,Storm
2023-01-09,LAX,27.7,Sunny
2023-01-09,ORD,12.2,Cloudy
2023-01-09,ATL,34.2,Rain
2023-01-09,DFW,-1.5,Rain
2023-01-10,JFK,29.1,Cloudy
2023-01-10,LAX,29.5,Storm
2023-01-10,ORD,11.6,Cloudy
2023-01-10,ATL,8.0,Sunny
2023-01-10,DFW,22.9,Storm
2023-01-11,JFK,13.8,Storm
2023-01-11,LAX,-4.0,Clear
2023-01-11,ORD,15.3,Rain
2023-01-11,ATL,11.7,Sunny
2023-01-11,DFW,7.6,Storm
2023-01-12,JFK,-3.6,Cloudy
2023-01-12,LAX,29.8,Clear
2023-01-12,ORD,21.9,Cloudy
2023-01-12,ATL,21.8,Storm
2023-01-12,DFW,31.7,Clear
2023-01-13,JFK,12.3,Sunny
2023-01-13,LAX,6.4,Clear
2023-01-13,ORD,7.9,Cloudy
2023-01-13,ATL,33.7,Rain
2023-01-13,DFW,23.1,Cloudy
2023-01-14,JFK,-2.6,Clear
2023-01-14,LAX,34.7,Cloudy
2023-01-14,ORD,33.3,Clear
2023-01-14,ATL,1.3,Clear
2023-01-14,DFW,7.6,Sunny
2023-01-15,JFK,19.9,Rain
2023-01-15,LAX,-0.4,Cloudy
2023-01-15,ORD,23.4,Rain
2023-01-15,ATL,3.8,Clear
2023-01-15,DFW,-6.6,Storm
2023-01-16,JFK,-6.4,Rain
2023-01-16,LAX,30.7,Cloudy
2023-01-16,ORD,-1.9,Rain
2023-01-16,ATL,-4.5,Sunny
2023-01-16,DFW,1.9,Storm
2023-01-17,JFK,15.1,Cloudy
2023-01-17,LAX,20.4,Storm
2023-01-17,ORD,-6.5,Sunny
2023-01-17,ATL,12.0,Storm
2023-01-17,DFW,11.0,Rain
2023-01-18,JFK,-8.5,Storm
2023-01-18,LAX,27.2,Cloudy
2023-01-18,ORD,20.3,Cloudy
2023-01-18,ATL,18.6,Rain
2023-01-18,DFW,15.0,Storm
2023-01-19,JFK,5.0,Cloudy
2023-01-19,LAX,-2.7,Rain
2023-01-19,ORD,-6.7,Clear
2023-01-19,ATL,16.5,Clear
2023-01-19,DFW,34.3,Clear
2023-01-20,JFK,8.8,Storm
2023-01-20,LAX,32.8,Cloudy
2023-01-20,ORD,22.7,Sunny
2023-01-20,ATL,-4.2,Clear
2023-01-20,DFW,8.8,Cloudy
2023-01-21,JFK,23.6,Rain
2023-01-21,LAX,5.0,Clear
2023-01-21,ORD,16.7,Cloudy
2023-01-21,ATL,19.2,Clear
2023-01-21,DFW,30.1,Storm
2023-01-22,JFK,16.5,Cloudy
2023-01-22,LAX,32.9,Clear
2023-01-22,ORD,31.6,Rain
2023-01-22,ATL,17.4,Storm
2023-01-22,DFW,20.7,Rain
2023-01-23,JFK,23.1,Clear
2023-01-23,LAX,19.5,Storm
2023-01-23,ORD,27.1,Cloudy
2023-01-23,ATL,10.5,Rain
2023-01-23,DFW,8.9,Storm
2023-01-24,JFK,34.2,Rain
2023-01-24,LAX,29.2,Rain
2023-01-24,ORD,1.4,Cloudy
2023-01-24,ATL,4.9,Clear
2023-01-24,DFW,34.5,Cloudy
2023-01-25,JFK,20.9,Rain
2023-01-25,LAX,19.7,Sunny
2023-01-25,ORD,22.5,Cloudy
2023-01-25,ATL,-6.7,Cloudy
2023-01-25,DFW,10.8,Clear
2023-01-26,JFK,-8.8,Sunny
2023-01-26,LAX,14.0,Clear
2023-01-26,ORD,-1.0,Sunny
2023-01-26,ATL,-7.8,Storm
2023-01-26,DFW,21.1,Storm
2023-01-27,JFK,3.2,Clear
2023-01-27,LAX,7.3,Sunny
2023-01-27,ORD,32.2,Cloudy
2023-01-27,ATL,25.7,Storm
2023-01-27,DFW,16.7,Clear
2023-01-28,JFK,23.9,Cloudy
2023-01-28,LAX,-5.3,Cloudy
2023-01-28,ORD,32.9,Cloudy
2023-01-28,ATL,6.8,Rain
2023-01-28,DFW,13.2,Rain
2023-01-29,JFK,8.8,Rain
2023-01-29,LAX,21.7,Sunny
2023-01-29,ORD,27.9,Rain
2023-01-29,ATL,-1.2,Clear
2023-01-29,DFW,31.7,Clear
2023-01-30,JFK,15.4,Cloudy
2023-01-30,LAX,30.5,Clear
2023-01-30,ORD,7.6,Rain
2023-01-30,ATL,-4.2,Storm
2023-01-30,DFW,16.1,Rain
2023-01-31,JFK,-4.9,Sunny
2023-01-31,LAX,-5.0,Clear
2023-01-31,ORD,-8.6,Sunny
2023-01-31,ATL,12.3,Rain
2023-01-31,DFW,-8.3,Sunny
2023-02-01,JFK,-5.3,Rain
2023-02-01,LAX,2.1,Storm
2023-02-01,ORD,9.2,Rain
2023-02-01,ATL,4.2,Storm
2023-02-01,DFW,0.9,Storm
2023-02-02,JFK,33.2,Clear
2023-02-02,LAX,30.4,Sunny
2023-02-02,ORD,-1.5,Cloudy
2023-02-02,ATL,30.5,Sunny
2023-02-02,DFW,-4.0,Clear
2023-02-03,JFK,31.4,Rain
2023-02-03,LAX,4.2,Cloudy
2023-02-03,ORD,-8.3,Clear
2023-02-03,ATL,1.7,Sunny
2023-02-03,DFW,-9.1,Rain
2023-02-04,JFK,27.1,Clear
2023-02-04,LAX,10.9,Storm
2023-02-04,ORD,-7.1,Rain
2023-02-04,ATL,4.4,Storm
2023-02-04,DFW,15.1,Storm
2023-02-05,JFK,5.2,Storm
2023-02-05,LAX,29.4,Storm
2023-02-05,ORD,31.7,Sunny
2023-02-05,ATL,28.6,Sunny
2023-02-05,DFW,6.6,Clear
2023-02-06,JFK,31.9,Clear
2023-02-06,LAX,17.7,Rain
2023-02-06,ORD,13.0,Cloudy
2023-02-06,ATL,31.0,Storm
2023-02-06,DFW,28.2,Cloudy
2023-02-07,JFK,31.5,Clear
2023-02-07,LAX,22.5,Sunny
2023-02-07,ORD,11.9,Sunny
2023-02-07,ATL,24.2,Storm
2023-02-07,DFW,29.8,Sunny
2023-02-08,JFK,-4.2,Storm
2023-02-08,LAX,10.0,Cloudy
2023-02-08,ORD,28.5,Rain
2023-02-08,ATL,0.1,Cloudy
2023-02-08,DFW,15.9,Cloudy
2023-02-09,JFK,12.1,Clear
2023-02-09,LAX,34.6,Storm
2023-02-09,ORD,15.0,Sunny
2023-02-09,ATL,-5.2,Clear
2023-02-09,DFW,22.1,Clear
2023-02-10,JFK,9.9,Rain
2023-02-10,LAX,32.2,Storm
2023-02-10,ORD,-7.0,Rain
2023-02-10,ATL,12.2,Clear
2023-02-10,DFW,29.2,Cloudy
2023-02-11,JFK,-1.1,Cloudy
2023-02-11,LAX,9.8,Storm
2023-02-11,ORD,-2.3,Sunny
2023-02-11,ATL,-4.5,Cloudy
2023-02-11,DFW,5.6,Rain
2023-02-12,JFK,16.4,Clear
2023-02-12,LAX,23.7,Sunny
2023-02-12,ORD,15.7,Storm
2023-02-12,ATL,-2.1,Sunny
2023-02-12,DFW,4.8,Storm
2023-02-13,JFK,15.5,Cloudy
2023-02-13,LAX,32.9,Rain
2023-02-13,ORD,19.2,Sunny
2023-02-13,ATL,3.4,Cloudy
2023-02-13,DFW,19.1,Clear
2023-02-14,JFK,4.8,Sunny
2023-02-14,LAX,24.4,Clear
2023-02-14,ORD,19.4,Sunny
2023-02-14,ATL,-1.7,Rain
2023-02-14,DFW,21.3,Clear
2023-02-15,JFK,21.2,Cloudy
2023-02-15,LAX,-6.7,Rain
2023-02-15,ORD,-7.4,Cloudy
2023-02-15,ATL,-1.0,Rain
2023-02-15,DFW,-7.4,Sunny
2023-02-16,JFK,24.0,Cloudy
2023-02-16,LAX,7.5,Sunny
2023-02-16,ORD,13.9,Rain
2023-02-16,ATL,4.2,Storm
2023-02-16,DFW,25.2,Cloudy
2023-02-17,JFK,27.8,Sunny
2023-02-17,LAX,10.0,Clear
2023-02-17,ORD,11.8,Storm
2023-02-17,ATL,12.5,Sunny
2023-02-17,DFW,16.5,Clear
2023-02-18,JFK,-6.5,Sunny
2023-02-18,LAX,22.5,Clear
2023-02-18,ORD,32.7,Cloudy
2023-02-18,ATL,9.4,Storm
2023-02-18,DFW,11.4,Clear
2023-02-19,JFK,30.6,Sunny
2023-02-19,LAX,-4.5,Cloudy
2023-02-19,ORD,-4.6,Clear
2023-02-19,ATL,14.2,Clear
2023-02-19,DFW,25.1,Clear
2023-02-20,JFK,15.0,Clear
2023-02-20,LAX,7.7,Rain
2023-02-20,ORD,-1.0,Storm
2023-02-20,ATL,14.5,Storm
2023-02-20,DFW,33.2,Storm
2023-02-21,JFK,25.1,Sunny
2023-02-21,LAX,5.5,Storm
2023-02-21,ORD,5.0,Cloudy
2023-02-21,ATL,14.7,Rain
2023-02-21,DFW,33.9,Clear
2023-02-22,JFK,18.9,Storm
2023-02-22,LAX,7.3,Storm
2023-02-22,ORD,20.0,Cloudy
2023-02-22,ATL,-9.9,Clear
2023-02-22,DFW,21.6,Clear
2023-02-23,JFK,0.1,Clear
2023-02-23,LAX,9.6,Cloudy
2023-02-23,ORD,28.3,Cloudy
2023-02-23,ATL,-2.2,Sunny
2023-02-23,DFW,-5.3,Rain
2023-02-24,JFK,28.0,Rain
2023-02-24,LAX,20.1,Sunny
2023-02-24,ORD,15.6,Cloudy
2023-02-24,ATL,-7.5,Sunny
2023-02-24,DFW,11.8,Storm
2023-02-25,JFK,22.7,Storm
2023-02-25,LAX,11.6,Cloudy
2023-02-25,ORD,16.6,Storm
2023-02-25,ATL,12.9,Sunny
2023-02-25,DFW,15.1,Cloudy
2023-02-26,JFK,8.6,Rain
2023-02-26,LAX,12.0,Rain
2023-02-26,ORD,30.4,Storm
2023-02-26,ATL,7.1,Cloudy
2023-02-26,DFW,23.3,Sunny
2023-02-27,JFK,-2.4,Rain
2023-02-27,LAX,-6.6,Clear
2023-02-27,ORD,25.1,Rain
2023-02-27,ATL,32.3,Cloudy
2023-02-27,DFW,27.5,Sunny
2023-02-28,JFK,4.3,Storm
2023-02-28,LAX,-6.3,Rain
2023-02-28,ORD,-8.5,Sunny
2023-02-28,ATL,7.7,Cloudy
2023-02-28,DFW,33.8,Cloudy
2023-03-01,JFK,13.8,Sunny
2023-03-01,LAX,5.3,Cloudy
2023-03-01,ORD,-1.5,Clear
2023-03-01,ATL,-7.6,Storm
2023-03-01,DFW,3.0,Clear
2023-03-02,JFK,33.2,Rain
2023-03-02,LAX,32.6,Clear
2023-03-02,ORD,-9.3,Sunny
2023-03-02,ATL,33.0,Clear
2023-03-02,DFW,-9.7,Storm
2023-03-03,JFK,5.6,Clear
2023-03-03,LAX,-5.9,Clear
2023-03-03,ORD,3.8,Sunny
2023-03-03,ATL,29.0,Rain
2023-03-03,DFW,-9.7,Storm
2023-03-04,JFK,14.0,Rain
2023-03-04,LAX,17.8,Storm
2023-03-04,ORD,1.6,Sunny
2023-03-04,ATL,16.0,Cloudy
2023-03-04,DFW,26.5,Clear
2023-03-05,JFK,13.6,Sunny
2023-03-05,LAX,28.9,Clear
2023-03-05,ORD,0.2,Sunny
2023-03-05,ATL,7.3,Cloudy
2023-03-05,DFW,-6.0,Cloudy
2023-03-06,JFK,-0.9,Rain
2023-03-06,LAX,4.2,Storm
2023-03-06,ORD,-2.4,Storm
2023-03-06,ATL,-4.2,Storm
2023-03-06,DFW,-7.2,Storm
2023-03-07,JFK,8.9,Rain
2023-03-07,LAX,29.7,Rain
2023-03-07,ORD,1.0,Sunny
2023-03-07,ATL,-8.2,Rain
2023-03-07,DFW,10.4,Storm
2023-03-08,JFK,14.0,Storm
2023-03-08,LAX,9.2,Cloudy
2023-03-08,ORD,-1.6,Sunny
2023-03-08,ATL,30.3,Sunny
2023-03-08,DFW,14.9,Clear
2023-03-09,JFK,31.3,Sunny
2023-03-09,LAX,-1.8,Rain
2023-03-09,ORD,7.9,Sunny
2023-03-09,ATL,18.5,Sunny
2023-03-09,DFW,14.4,Sunny
2023-03-10,JFK,2.4,Storm
2023-03-10,LAX,23.7,Rain
2023-03-10,ORD,7.0,Rain
2023-03-10,ATL,24.2,Storm
2023-03-10,DFW,26.1,Clear
2023-03-11,JFK,23.2,Rain
2023-03-11,LAX,5.2,Clear
2023-03-11,ORD,-4.8,Sunny
2023-03-11,ATL,30.2,Storm
2023-03-11,DFW,4.3,Sunny
2023-03-12,JFK,-4.8,Storm
2023-03-12,LAX,-3.7,Rain
2023-03-12,ORD,-1.7,Storm
2023-03-12,ATL,-8.1,Cloudy
2023-03-12,DFW,13.6,Cloudy
2023-03-13,JFK,22.9,Storm
2023-03-13,LAX,28.3,Sunny
2023-03-13,ORD,25.6,Cloudy
2023-03-13,ATL,-1.9,Storm
2023-03-13,DFW,-2.3,Storm
2023-03-14,JFK,31.6,Storm
2023-03-14,LAX,16.7,Sunny
2023-03-14,ORD,23.2,Storm
2023-03-14,ATL,-3.9,Rain
2023-03-14,DFW,-0.9,Cloudy
2023-03-15,JFK,1.3,Clear
2023-03-15,LAX,14.1,Cloudy
2023-03-15,ORD,26.6,Clear
2023-03-15,ATL,23.6,Clear
2023-03-15,DFW,19.3,Sunny
2023-03-16,JFK,32.9,Rain
2023-03-16,LAX,-6.6,Clear
2023-03-16,ORD,-9.0,Sunny
2023-03-16,ATL,11.5,Clear
2023-03-16,DFW,-1.5,Storm
2023-03-17,JFK,29.2,Storm
2023-03-17,LAX,26.4,Storm
2023-03-17,ORD,18.1,Rain
2023-03-17,ATL,-2.7,Sunny
2023-03-17,DFW,33.9,Cloudy
2023-03-18,JFK,8.5,Rain
2023-03-18,LAX,34.7,Clear
2023-03-18,ORD,31.0,Clear
2023-03-18,ATL,34.1,Clear
2023-03-18,DFW,-4.5,Storm
2023-03-19,JFK,-6.2,Sunny
2023-03-19,LAX,29.4,Cloudy
2023-03-19,ORD,25.4,Clear
2023-03-19,ATL,7.1,Cloudy
2023-03-19,DFW,-1.2,Rain
2023-03-20,JFK,2.1,Cloudy
2023-03-20,LAX,-6.4,Rain
2023-03-20,ORD,23.5,Cloudy
2023-03-20,ATL,-3.9,Sunny
2023-03-20,DFW,7.0,Storm
2023-03-21,JFK,3.3,Sunny
2023-03-21,LAX,26.3,Clear
2023-03-21,ORD,28.0,Storm
2023-03-21,ATL,15.0,Clear
2023-03-21,DFW,4.8,Sunny
2023-03-22,JFK,10.3,Storm
2023-03-22,LAX,-0.4,Sunny
2023-03-22,ORD,4.5,Rain
2023-03-22,ATL,4.4,Clear
2023-03-22,DFW,12.2,Cloudy
2023-03-23,JFK,15.8,Storm
2023-03-23,LAX,19.6,Storm
2023-03-23,ORD,23.8,Sunny
2023-03-23,ATL,27.0,Cloudy
2023-03-23,DFW,7.6,Rain
2023-03-24,JFK,3.1,Storm
2023-03-24,LAX,23.7,Clear
2023-03-24,ORD,27.6,Clear
2023-03-24,ATL,2.2,Storm
2023-03-24,DFW,22.3,Cloudy
2023-03-25,JFK,10.5,Cloudy
2023-03-25,LAX,-7.8,Sunny
2023-03-25,ORD,14.7,Rain
2023-03-25,ATL,6.1,Clear
2023-03-25,DFW,23.3,Sunny
2023-03-26,JFK,-1.4,Rain
2023-03-26,LAX,16.0,Sunny
2023-03-26,ORD,26.8,Storm
2023-03-26,ATL,-6.4,Storm
2023-03-26,DFW,8.4,Rain
2023-03-27,JFK,-6.7,Rain
2023-03-27,LAX,-5.8,Rain
2023-03-27,ORD,30.0,Sunny
2023-03-27,ATL,3.1,Rain
2023-03-27,DFW,19.6,Rain
2023-03-28,JFK,3.0,Rain
2023-03-28,LAX,10.1,Rain
2023-03-28,ORD,16.7,Cloudy
2023-03-28,ATL,7.4,Cloudy
2023-03-28,DFW,31.2,Rain
2023-03-29,JFK,11.2,Sunny
2023-03-29,LAX,21.1,Sunny
2023-03-29,ORD,6.6,Sunny
2023-03-29,ATL,1.9,Cloudy
2023-03-29,DFW,28.3,Cloudy
2023-03-30,JFK,19.3,Storm
2023-03-30,LAX,11.9,Rain
2023-03-30,ORD,5.7,Storm
2023-03-30,ATL,23.7,Storm
2023-03-30,DFW,26.7,Storm
2023-03-31,JFK,19.9,Storm
2023-03-31,LAX,24.3,Rain
2023-03-31,ORD,9.7,Sunny
2023-03-31,ATL,23.2,Rain
2023-03-31,DFW,26.1,Clear
2023-04-01,JFK,32.9,Clear
2023-04-01,LAX,5.8,Rain
2023-04-01,ORD,27.3,Cloudy
2023-04-01,ATL,29.8,Clear
2023-04-01,DFW,-9.7,Sunny
2023-04-02,JFK,14.2,Storm
2023-04-02,LAX,25.7,Rain
2023-04-02,ORD,-3.2,Cloudy
2023-04-02,ATL,-1.5,Clear
2023-04-02,DFW,24.4,Cloudy
2023-04-03,JFK,-4.7,Cloudy
2023-04-03,LAX,1.1,Storm
2023-04-03,ORD,6.2,Cloudy
2023-04-03,ATL,5.1,Clear
2023-04-03,DFW,13.7,Cloudy
2023-04-04,JFK,3.2,Sunny
2023-04-04,LAX,-5.5,Cloudy
2023-04-04,ORD,-5.1,Rain
2023-04-04,ATL,3.7,Clear
2023-04-04,DFW,6.3,Sunny
2023-04-05,JFK,15.2,Sunny
2023-04-05,LAX,3.1,Cloudy
2023-04-05,ORD,9.1,Clear
2023-04-05,ATL,14.0,Rain
2023-04-05,DFW,34.4,Storm
2023-04-06,JFK,13.4,Sunny
2023-04-06,LAX,-0.3,Clear
2023-04-06,ORD,25.3,Cloudy
2023-04-06,ATL,-7.2,Rain
2023-04-06,DFW,-1.8,Rain
2023-04-07,JFK,16.6,Cloudy
2023-04-07,LAX,16.5,Sunny
2023-04-07,ORD,-2.2,Sunny
2023-04-07,ATL,27.0,Clear
2023-04-07,DFW,15.5,Clear
2023-04-08,JFK,10.7,Clear
2023-04-08,LAX,13.2,Sunny
2023-04-08,ORD,0.8,Sunny
2023-04-08,ATL,-5.2,Cloudy
2023-04-08,DFW,11.9,Sunny
2023-04-09,JFK,34.5,Cloudy
2023-04-09,LAX,13.0,Storm
2023-04-09,ORD,32.5,Storm
2023-04-09,ATL,8.3,Clear
2023-04-09,DFW,32.0,Rain
2023-04-10,JFK,12.9,Rain
2023-04-10,LAX,9.8,Cloudy
2023-04-10,ORD,11.1,Cloudy
2023-04-10,ATL,-3.6,Cloudy
2023-04-10,DFW,11.4,Sunny
2023-04-11,JFK,-0.5,Cloudy
2023-04-11,LAX,2.4,Storm
2023-04-11,ORD,10.9,Storm
2023-04-11,ATL,28.0,Clear
2023-04-11,DFW,-4.8,Storm
2023-04-12,JFK,-2.1,Storm
2023-04-12,LAX,-1.3,Sunny
2023-04-12,ORD,7.6,Clear
2023-04-12,ATL,25.1,Cloudy
2023-04-12,DFW,5.4,Rain
2023-04-13,JFK,-0.9,Clear
2023-04-13,LAX,21.1,Cloudy
2023-04-13,ORD,-7.2,Storm
2023-04-13,ATL,16.9,Clear
2023-04-13,DFW,31.2,Rain
2023-04-14,JFK,19.1,Rain
2023-04-14,LAX,4.8,Cloudy
2023-04-14,ORD,16.5,Sunny
2023-04-14,ATL,10.3,Rain
2023-04-14,DFW,18.3,Clear
2023-04-15,JFK,0.9,Cloudy
2023-04-15,LAX,35.0,Clear
2023-04-15,ORD,16.4,Sunny
2023-04-15,ATL,25.9,Rain
2023-04-15,DFW,30.3,Rain
2023-04-16,JFK,9.4,Clear
2023-04-16,LAX,2.8,Storm
2023-04-16,ORD,3.4,Sunny
2023-04-16,ATL,-2.0,Sunny
2023-04-16,DFW,13.1,Clear
2023-04-17,JFK,3.8,Sunny
2023-04-17,LAX,-7.7,Storm
2023-04-17,ORD,34.9,Storm
2023-04-17,ATL,33.9,Rain
2023-04-17,DFW,15.8,Cloudy
2023-04-18,JFK,27.9,Storm
2023-04-18,LAX,11.1,Clear
2023-04-18,ORD,-0.7,Cloudy
2023-04-18,ATL,20.5,Rain
2023-04-18,DFW,27.0,Cloudy
2023-04-19,JFK,12.8,Sunny
2023-04-19,LAX,-9.6,Rain
2023-04-19,ORD,12.0,Rain
2023-04-19,ATL,28.2,Storm
2023-04-19,DFW,-5.0,Storm
2023-04-20,JFK,24.4,Clear
2023-04-20,LAX,-3.7,Rain
2023-04-20,ORD,13.6,Rain
2023-04-20,ATL,1.2,Storm
2023-04-20,DFW,5.9,Rain
2023-04-21,JFK,14.5,Rain
2023-04-21,LAX,4.7,Storm
2023-04-21,ORD,24.1,Cloudy
2023-04-21,ATL,35.0,Clear
2023-04-21,DFW,12.0,Cloudy
2023-04-22,JFK,-8.5,Sunny
2023-04-22,LAX,-1.5,Clear
2023-04-22,ORD,22.2,Storm
2023-04-22,ATL,9.4,Cloudy
2023-04-22,DFW,24.2,Cloudy
2023-04-23,JFK,24.2,Sunny
2023-04-23,LAX,16.6,Cloudy
2023-04-23,ORD,29.2,Storm
2023-04-23,ATL,2.6,Storm
2023-04-23,DFW,4.2,Cloudy
2023-04-24,JFK,16.9,Rain
2023-04-24,LAX,22.1,Storm
2023-04-24,ORD,20.8,Rain
2023-04-24,ATL,34.5,Storm
2023-04-24,DFW,28.8,Cloudy
2023-04-25,JFK,11.1,Sunny
2023-04-25,LAX,2.7,Rain
2023-04-25,ORD,26.9,Storm
2023-04-25,ATL,23.0,Sunny
2023-04-25,DFW,28.8,Rain
2023-04-26,JFK,10.1,Sunny
2023-04-26,LAX,-0.2,Storm
2023-04-26,ORD,3.9,Storm
2023-04-26,ATL,10.2,Rain
2023-04-26,DFW,3.3,Sunny
2023-04-27,JFK,13.9,Rain
2023-04-27,LAX,28.8,Clear
2023-04-27,ORD,-9.3,Storm
2023-04-27,ATL,31.6,Sunny
2023-04-27,DFW,-7.4,Cloudy
2023-04-28,JFK,3.2,Sunny
2023-04-28,LAX,-1.9,Rain
2023-04-28,ORD,-9.2,Cloudy
2023-04-28,ATL,-7.6,Clear
2023-04-28,DFW,-0.4,Storm
2023-04-29,JFK,35.0,Rain
2023-04-29,LAX,-7.2,Clear
2023-04-29,ORD,14.1,Sunny
2023-04-29,ATL,30.9,Rain
2023-04-29,DFW,-8.0,Sunny
2023-04-30,JFK,9.9,Sunny
2023-04-30,LAX,20.0,Sunny
2023-04-30,ORD,21.2,Clear
2023-04-30,ATL,-5.6,Sunny
2023-04-30,DFW,22.7,Rain
2023-05-01,JFK,34.0,Sunny
2023-05-01,LAX,-6.4,Sunny
2023-05-01,ORD,-0.2,Clear
2023-05-01,ATL,7.3,Storm
2023-05-01,DFW,32.4,Cloudy
2023-05-02,JFK,27.0,Cloudy
2023-05-02,LAX,31.8,Sunny
2023-05-02,ORD,31.7,Cloudy
2023-05-02,ATL,28.2,Rain
2023-05-02,DFW,-4.7,Storm
2023-05-03,JFK,14.9,Cloudy
2023-05-03,LAX,-1.1,Sunny
2023-05-03,ORD,20.6,Rain
2023-05-03,ATL,15.3,Rain
2023-05-03,DFW,-3.8,Storm
2023-05-04,JFK,-0.1,Cloudy
2023-05-04,LAX,-0.2,Sunny
2023-05-04,ORD,24.8,Sunny
2023-05-04,ATL,21.1,Sunny
2023-05-04,DFW,15.2,Sunny
2023-05-05,JFK,-6.6,Storm
2023-05-05,LAX,-3.2,Rain
2023-05-05,ORD,1.3,Sunny
2023-05-05,ATL,-10.0,Rain
2023-05-05,DFW,2.9,Rain
2023-05-06,JFK,-2.1,Rain
2023-05-06,LAX,5.9,Storm
2023-05-06,ORD,-6.5,Storm
2023-05-06,ATL,27.8,Rain
2023-05-06,DFW,1.1,Storm
2023-05-07,JFK,4.3,Clear
2023-05-07,LAX,14.8,Cloudy
2023-05-07,ORD,6.9,Storm
2023-05-07,ATL,20.1,Cloudy
2023-05-07,DFW,3.5,Cloudy
2023-05-08,JFK,7.6,Sunny
2023-05-08,LAX,-0.2,Rain
2023-05-08,ORD,16.3,Sunny
2023-05-08,ATL,-9.8,Cloudy
2023-05-08,DFW,1.5,Rain
2023-05-09,JFK,-6.6,Rain
2023-05-09,LAX,29.4,Clear
2023-05-09,ORD,4.0,Clear
2023-05-09,ATL,-6.3,Sunny
2023-05-09,DFW,-3.8,Rain
2023-05-10,JFK,-5.0,Cloudy
2023-05-10,LAX,21.7,Clear
2023-05-10,ORD,29.5,Storm
2023-05-10,ATL,27.5,Cloudy
2023-05-10,DFW,10.1,Cloudy
2023-05-11,JFK,7.6,Cloudy
2023-05-11,LAX,21.9,Sunny
2023-05-11,ORD,34.8,Rain
2023-05-11,ATL,33.6,Rain
2023-05-11,DFW,3.4,Storm
2023-05-12,JFK,2.5,Storm
2023-05-12,LAX,31.1,Sunny
2023-05-12,ORD,18.3,Sunny
2023-05-12,ATL,-9.5,Clear
2023-05-12,DFW,13.2,Storm
2023-05-13,JFK,-2.0,Storm
2023-05-13,LAX,18.1,Sunny
2023-05-13,ORD,-1.2,Clear
2023-05-13,ATL,25.8,Cloudy
2023-05-13,DFW,0.6,Cloudy
2023-05-14,JFK,3.1,Rain
2023-05-14,LAX,24.0,Storm
2023-05-14,ORD,-1.9,Cloudy
2023-05-14,ATL,-4.7,Rain
2023-05-14,DFW,11.6,Rain
2023-05-15,JFK,25.3,Cloudy
2023-05-15,LAX,6.1,Cloudy
2023-05-15,ORD,3.3,Storm
2023-05-15,ATL,-7.6,Rain
2023-05-15,DFW,-6.3,Rain
2023-05-16,JFK,-8.4,Storm
2023-05-16,LAX,24.5,Storm
2023-05-16,ORD,24.0,Rain
2023-05-16,ATL,3.9,Cloudy
2023-05-16,DFW,6.4,Rain
2023-05-17,JFK,3.3,Clear
2023-05-17,LAX,26.2,Sunny
2023-05-17,ORD,-4.1,Clear
2023-05-17,ATL,12.7,Storm
2023-05-17,DFW,-0.1,Sunny
2023-05-18,JFK,2.7,Storm
2023-05-18,LAX,-3.3,Rain
2023-05-18,ORD,30.9,Clear
2023-05-18,ATL,32.6,Cloudy
2023-05-18,DFW,32.8,Clear
2023-05-19,JFK,-8.7,Cloudy
2023-05-19,LAX,13.2,Cloudy
2023-05-19,ORD,26.8,Clear
2023-05-19,ATL,20.9,Clear
2023-05-19,DFW,24.0,Rain
2023-05-20,JFK,0.9,Sunny
2023-05-20,LAX,-1.9,Clear
2023-05-20,ORD,31.7,Clear
2023-05-20,ATL,8.0,Clear
2023-05-20,DFW,15.5,Clear
2023-05-21,JFK,-1.1,Rain
2023-05-21,LAX,-6.6,Rain
2023-05-21,ORD,7.8,Clear
2023-05-21,ATL,18.0,Clear
2023-05-21,DFW,24.9,Storm
2023-05-22,JFK,13.1,Storm
2023-05-22,LAX,-4.7,Storm
2023-05-22,ORD,21.3,Clear
2023-05-22,ATL,5.5,Rain
2023-05-22,DFW,0.2,Storm
2023-05-23,JFK,10.4,Sunny
2023-05-23,LAX,10.0,Clear
2023-05-23,ORD,32.7,Sunny
2023-05-23,ATL,9.2,Rain
2023-05-23,DFW,-4.4,Rain
2023-05-24,JFK,18.7,Cloudy
2023-05-24,LAX,22.1,Rain
2023-05-24,ORD,-7.1,Rain
2023-05-24,ATL,17.7,Cloudy
2023-05-24,DFW,-6.7,Cloudy
2023-05-25,JFK,23.9,Clear
2023-05-25,LAX,22.2,Rain
2023-05-25,ORD,4.5,Storm
2023-05-25,ATL,-6.8,Storm
2023-05-25,DFW,29.2,Cloudy
2023-05-26,JFK,24.7,Sunny
2023-05-26,LAX,12.7,Rain
2023-05-26,ORD,12.2,Clear
2023-05-26,ATL,1.8,Rain
2023-05-26,DFW,-9.6,Clear
2023-05-27,JFK,11.2,Sunny
2023-05-27,LAX,-0.2,Storm
2023-05-27,ORD,0.7,Cloudy
2023-05-27,ATL,-1.7,Rain
2023-05-27,DFW,31.0,Storm
2023-05-28,JFK,-1.9,Cloudy
2023-05-28,LAX,27.5,Sunny
2023-05-28,ORD,29.3,Sunny
2023-05-28,ATL,-7.6,Storm
2023-05-28,DFW,22.3,Storm
2023-05-29,JFK,25.1,Cloudy
2023-05-29,LAX,22.5,Cloudy
2023-05-29,ORD,20.4,Storm
2023-05-29,ATL,3.6,Clear
2023-05-29,DFW,32.5,Storm
2023-05-30,JFK,26.5,Sunny
2023-05-30,LAX,20.8,Storm
2023-05-30,ORD,14.0,Sunny
2023-05-30,ATL,7.1,Rain
2023-05-30,DFW,-3.5,Sunny
2023-05-31,JFK,-1.9,Storm
2023-05-31,LAX,29.9,Cloudy
2023-05-31,ORD,12.3,Cloudy
2023-05-31,ATL,33.5,Rain
2023-05-31,DFW,20.3,Clear
2023-06-01,JFK,-1.2,Clear
2023-06-01,LAX,8.4,Rain
2023-06-01,ORD,10.1,Rain
2023-06-01,ATL,19.0,Rain
2023-06-01,DFW,6.4,Clear
2023-06-02,JFK,7.2,Rain
2023-06-02,LAX,9.8,Sunny
2023-06-02,ORD,15.9,Storm
2023-06-02,ATL,18.3,Sunny
2023-06-02,DFW,15.8,Rain
2023-06-03,JFK,5.7,Storm
2023-06-03,LAX,-3.2,Clear
2023-06-03,ORD,-7.5,Cloudy
2023-06-03,ATL,12.6,Storm
2023-06-03,DFW,1.3,Cloudy
2023-06-04,JFK,17.0,Rain
2023-06-04,LAX,-8.0,Clear
2023-06-04,ORD,-0.4,Rain
2023-06-04,ATL,10.6,Rain
2023-06-04,DFW,31.6,Cloudy
2023-06-05,JFK,21.5,Sunny
2023-06-05,LAX,8.6,Cloudy
2023-06-05,ORD,26.2,Storm
2023-06-05,ATL,27.6,Cloudy
2023-06-05,DFW,32.6,Cloudy
2023-06-06,JFK,34.5,Sunny
2023-06-06,LAX,2.3,Clear
2023-06-06,ORD,-1.4,Clear
2023-06-06,ATL,6.5,Storm
2023-06-06,DFW,-2.9,Sunny
2023-06-07,JFK,30.1,Storm
2023-06-07,LAX,9.2,Sunny
2023-06-07,ORD,12.1,Storm
2023-06-07,ATL,17.2,Cloudy
2023-06-07,DFW,31.0,Clear
2023-06-08,JFK,24.5,Sunny
2023-06-08,LAX,-2.0,Clear
2023-06-08,ORD,-1.8,Storm
2023-06-08,ATL,34.9,Clear
2023-06-08,DFW,30.1,Clear
2023-06-09,JFK,-4.4,Sunny
2023-06-09,LAX,25.8,Rain
2023-06-09,ORD,26.1,Cloudy
2023-06-09,ATL,17.3,Sunny
2023-06-09,DFW,10.2,Cloudy
2023-06-10,JFK,27.9,Sunny
2023-06-10,LAX,-2.7,Sunny
2023-06-10,ORD,-4.3,Clear
2023-06-10,ATL,0.4,Clear
2023-06-10,DFW,25.2,Cloudy
2023-06-11,JFK,10.8,Rain
2023-06-11,LAX,23.2,Storm
2023-06-11,ORD,13.4,Sunny
2023-06-11,ATL,25.1,Rain
2023-06-11,DFW,-4.4,Sunny
2023-06-12,JFK,-9.7,Clear
2023-06-12,LAX,-5.1,Cloudy
2023-06-12,ORD,12.4,Rain
2023-06-12,ATL,24.0,Rain
2023-06-12,DFW,-1.7,Cloudy
2023-06-13,JFK,20.0,Cloudy
2023-06-13,LAX,5.2,Storm
2023-06-13,ORD,18.6,Sunny
2023-06-13,ATL,7.8,Rain
2023-06-13,DFW,22.5,Clear
2023-06-14,JFK,25.6,Rain
2023-06-14,LAX,4.7,Clear
2023-06-14,ORD,11.8,Clear
2023-06-14,ATL,3.7,Rain
2023-06-14,DFW,7.8,Rain
2023-06-15,JFK,31.6,Clear
2023-06-15,LAX,-7.6,Rain
2023-06-15,ORD,-0.9,Storm
2023-06-15,ATL,5.6,Clear
2023-06-15,DFW,-9.9,Rain
2023-06-16,JFK,22.8,Clear
2023-06-16,LAX,7.8,Sunny
2023-06-16,ORD,20.6,Cloudy
2023-06-16,ATL,15.1,Storm
2023-06-16,DFW,34.3,Cloudy
2023-06-17,JFK,8.5,Clear
2023-06-17,LAX,-4.6,Rain
2023-06-17,ORD,4.4,Sunny
2023-06-17,ATL,2.2,Rain
2023-06-17,DFW,-2.9,Storm
2023-06-18,JFK,22.1,Sunny
2023-06-18,LAX,-1.3,Clear
2023-06-18,ORD,-6.6,Clear
2023-06-18,ATL,23.8,Sunny
2023-06-18,DFW,-0.4,Clear
2023-06-19,JFK,21.5,Storm
2023-06-19,LAX,18.1,Storm
2023-06-19,ORD,8.8,Cloudy
2023-06-19,ATL,-5.3,Sunny
2023-06-19,DFW,-9.7,Clear
2023-06-20,JFK,17.5,Cloudy
2023-06-20,LAX,22.7,Sunny
2023-06-20,ORD,-3.2,Cloudy
2023-06-20,ATL,33.0,Cloudy
2023-06-20,DFW,21.7,Cloudy
2023-06-21,JFK,14.4,Storm
2023-06-21,LAX,22.8,Clear
2023-06-21,ORD,-1.1,Sunny
2023-06-21,ATL,32.7,Sunny
2023-06-21,DFW,-8.5,Sunny
2023-06-22,JFK,32.4,Cloudy
2023-06-22,LAX,3.0,Cloudy
2023-06-22,ORD,2.0,Rain
2023-06-22,ATL,0.5,Sunny
2023-06-22,DFW,27.1,Clear
2023-06-23,JFK,19.8,Storm
2023-06-23,LAX,20.4,Sunny
2023-06-23,ORD,12.0,Sunny
2023-06-23,ATL,2.1,Cloudy
2023-06-23,DFW,27.0,Clear
2023-06-24,JFK,12.4,Sunny
2023-06-24,LAX,11.4,Sunny
2023-06-24,ORD,0.3,Sunny
2023-06-24,ATL,32.3,Clear
2023-06-24,DFW,-2.8,Cloudy
2023-06-25,JFK,0.3,Cloudy
2023-06-25,LAX,20.2,Rain
2023-06-25,ORD,27.0,Cloudy
2023-06-25,ATL,16.4,Cloudy
2023-06-25,DFW,17.1,Cloudy
2023-06-26,JFK,22.7,Sunny
2023-06-26,LAX,31.5,Clear
2023-06-26,ORD,-3.7,Clear
2023-06-26,ATL,6.5,Cloudy
2023-06-26,DFW,-0.1,Rain
2023-06-27,JFK,30.9,Rain
2023-06-27,LAX,21.2,Storm
2023-06-27,ORD,7.6,Cloudy
2023-06-27,ATL,-6.9,Sunny
2023-06-27,DFW,11.9,Cloudy
2023-06-28,JFK,34.8,Cloudy
2023-06-28,LAX,-2.4,Clear
2023-06-28,ORD,29.6,Cloudy
2023-06-28,ATL,2.8,Rain
2023-06-28,DFW,10.1,Storm
2023-06-29,JFK,2.4,Rain
2023-06-29,LAX,13.0,Rain
2023-06-29,ORD,27.7,Cloudy
2023-06-29,ATL,14.3,Rain
2023-06-29,DFW,-9.5,Storm
2023-06-30,JFK,-7.1,Storm
2023-06-30,LAX,12.8,Storm
2023-06-30,ORD,9.3,Clear
2023-06-30,ATL,17.7,Cloudy
2023-06-30,DFW,5.1,Rain
2023-07-01,JFK,-4.0,Cloudy
2023-07-01,LAX,-4.4,Rain
2023-07-01,ORD,19.9,Clear
2023-07-01,ATL,28.9,Cloudy
2023-07-01,DFW,16.6,Sunny
2023-07-02,JFK,32.0,Rain
2023-07-02,LAX,25.9,Storm
2023-07-02,ORD,-8.2,Sunny
2023-07-02,ATL,-7.1,Storm
2023-07-02,DFW,-3.5,Cloudy
2023-07-03,JFK,3.3,Clear
2023-07-03,LAX,-0.7,Storm
2023-07-03,ORD,29.6,Clear
2023-07-03,ATL,2.3,Clear
2023-07-03,DFW,17.5,Rain
2023-07-04,JFK,-9.1,Storm
2023-07-04,LAX,1.7,Cloudy
2023-07-04,ORD,18.0,Clear
2023-07-04,ATL,5.1,Cloudy
2023-07-04,DFW,1.0,Clear
2023-07-05,JFK,23.7,Storm
2023-07-05,LAX,21.0,Rain
2023-07-05,ORD,14.4,Storm
2023-07-05,ATL,11.9,Storm
2023-07-05,DFW,11.7,Sunny
2023-07-06,JFK,24.6,Clear
2023-07-06,LAX,16.3,Clear
2023-07-06,ORD,20.1,Cloudy
2023-07-06,ATL,5.1,Clear
2023-07-06,DFW,14.6,Clear
2023-07-07,JFK,14.5,Storm
2023-07-07,LAX,2.8,Rain
2023-07-07,ORD,15.1,Storm
2023-07-07,ATL,-8.2,Clear
2023-07-07,DFW,21.6,Clear
2023-07-08,JFK,1.6,Sunny
2023-07-08,LAX,3.6,Cloudy
2023-07-08,ORD,1.8,Storm
2023-07-08,ATL,0.1,Clear
2023-07-08,DFW,5.8,Clear
2023-07-09,JFK,-4.6,Storm
2023-07-09,LAX,25.7,Rain
2023-07-09,ORD,11.1,Clear
2023-07-09,ATL,9.7,Cloudy
2023-07-09,DFW,6.7,Rain
2023-07-10,JFK,31.1,Sunny
2023-07-10,LAX,5.3,Sunny
2023-07-10,ORD,7.5,Storm
2023-07-10,ATL,33.2,Cloudy
2023-07-10,DFW,22.2,Sunny
2023-07-11,JFK,8.6,Clear
2023-07-11,LAX,17.3,Rain
2023-07-11,ORD,12.8,Rain
2023-07-11,ATL,4.5,Sunny
2023-07-11,DFW,-7.1,Storm
2023-07-12,JFK,12.9,Clear
2023-07-12,LAX,12.1,Clear
2023-07-12,ORD,22.8,Clear
2023-07-12,ATL,28.6,Sunny
2023-07-12,DFW,15.5,Rain
2023-07-13,JFK,28.8,Storm
2023-07-13,LAX,27.5,Cloudy
2023-07-13,ORD,6.3,Cloudy
2023-07-13,ATL,23.0,Clear
2023-07-13,DFW,-3.6,Storm
2023-07-14,JFK,10.5,Cloudy
2023-07-14,LAX,-3.2,Storm
2023-07-14,ORD,0.8,Clear
2023-07-14,ATL,6.7,Sunny
2023-07-14,DFW,27.6,Clear
2023-07-15,JFK,32.3,Storm
2023-07-15,LAX,17.1,Storm
2023-07-15,ORD,24.9,Cloudy
2023-07-15,ATL,-6.4,Storm
2023-07-15,DFW,24.7,Sunny
2023-07-16,JFK,9.4,Sunny
2023-07-16,LAX,25.5,Clear
2023-07-16,ORD,13.3,Clear
2023-07-16,ATL,16.3,Rain
2023-07-16,DFW,11.2,Cloudy
2023-07-17,JFK,7.5,Rain
2023-07-17,LAX,12.2,Sunny
2023-07-17,ORD,20.3,Cloudy
2023-07-17,ATL,25.3,Rain
2023-07-17,DFW,-8.8,Sunny
2023-07-18,JFK,34.6,Rain
2023-07-18,LAX,27.6,Rain
2023-07-18,ORD,32.2,Clear
2023-07-18,ATL,8.7,Sunny
2023-07-18,DFW,4.6,Cloudy
2023-07-19,JFK,13.2,Sunny
2023-07-19,LAX,15.8,Sunny
2023-07-19,ORD,25.7,Cloudy
2023-07-19,ATL,7.0,Rain
2023-07-19,DFW,2.5,Clear
2023-07-20,JFK,29.1,Cloudy
2023-07-20,LAX,-7.2,Rain
2023-07-20,ORD,35.0,Rain
2023-07-20,ATL,21.9,Rain
2023-07-20,DFW,12.6,Rain
2023-07-21,JFK,7.7,Storm
2023-07-21,LAX,4.9,Rain
2023-07-21,ORD,20.8,Clear
2023-07-21,ATL,7.6,Cloudy
2023-07-21,DFW,32.7,Sunny
2023-07-22,JFK,27.3,Clear
2023-07-22,LAX,-1.5,Sunny
2023-07-22,ORD,1.6,Sunny
2023-07-22,ATL,18.1,Sunny
2023-07-22,DFW,31.9,Clear
2023-07-23,JFK,4.6,Cloudy
2023-07-23,LAX,-7.5,Storm
2023-07-23,ORD,4.4,Sunny
2023-07-23,ATL,0.5,Storm
2023-07-23,DFW,-9.1,Storm
2023-07-24,JFK,-3.2,Cloudy
2023-07-24,LAX,-0.0,Rain
2023-07-24,ORD,-1.5,Cloudy
2023-07-24,ATL,9.4,Clear
2023-07-24,DFW,-9.0,Storm
2023-07-25,JFK,6.6,Rain
2023-07-25,LAX,27.3,Clear
2023-07-25,ORD,26.0,Sunny
2023-07-25,ATL,-9.8,Clear
2023-07-25,DFW,23.5,Cloudy
2023-07-26,JFK,35.0,Clear
2023-07-26,LAX,26.0,Rain
2023-07-26,ORD,2.0,Storm
2023-07-26,ATL,22.4,Clear
2023-07-26,DFW,1.4,Sunny
2023-07-27,JFK,10.3,Rain
2023-07-27,LAX,8.5,Clear
2023-07-27,ORD,0.3,Cloudy
2023-07-27,ATL,27.5,Sunny
2023-07-27,DFW,11.7,Cloudy
2023-07-28,JFK,-9.9,Cloudy
2023-07-28,LAX,20.7,Cloudy
2023-07-28,ORD,16.1,Rain
2023-07-28,ATL,17.6,Cloudy
2023-07-28,DFW,-3.4,Storm
2023-07-29,JFK,21.4,Clear
2023-07-29,LAX,-6.0,Storm
2023-07-29,ORD,8.3,Cloudy
2023-07-29,ATL,-6.6,Storm
2023-07-29,DFW,13.9,Cloudy
2023-07-30,JFK,0.8,Rain
2023-07-30,LAX,26.8,Clear
2023-07-30,ORD,7.3,Sunny
2023-07-30,ATL,12.8,Rain
2023-07-30,DFW,0.1,Cloudy
2023-07-31,JFK,21.9,Sunny
2023-07-31,LAX,28.6,Sunny
2023-07-31,ORD,6.6,Clear
2023-07-31,ATL,8.0,Sunny
2023-07-31,DFW,13.9,Cloudy
2023-08-01,JFK,-4.6,Clear
2023-08-01,LAX,-9.5,Rain
2023-08-01,ORD,3.7,Cloudy
2023-08-01,ATL,9.4,Sunny
2023-08-01,DFW,11.5,Cloudy
2023-08-02,JFK,26.6,Storm
2023-08-02,LAX,31.9,Rain
2023-08-02,ORD,10.1,Clear
2023-08-02,ATL,-8.6,Clear
2023-08-02,DFW,-5.3,Clear
2023-08-03,JFK,-5.1,Cloudy
2023-08-03,LAX,-5.3,Clear
2023-08-03,ORD,15.3,Clear
2023-08-03,ATL,15.8,Clear
2023-08-03,DFW,15.2,Rain
2023-08-04,JFK,9.1,Storm
2023-08-04,LAX,8.2,Cloudy
2023-08-04,ORD,10.3,Cloudy
2023-08-04,ATL,32.0,Storm
2023-08-04,DFW,30.8,Rain
2023-08-05,JFK,22.9,Clear
2023-08-05,LAX,6.8,Clear
2023-08-05,ORD,5.9,Sunny
2023-08-05,ATL,-8.4,Rain
2023-08-05,DFW,9.3,Clear
2023-08-06,JFK,26.4,Clear
2023-08-06,LAX,9.7,Storm
2023-08-06,ORD,0.9,Rain
2023-08-06,ATL,15.5,Storm
2023-08-06,DFW,18.8,Storm
2023-08-07,JFK,32.1,Rain
2023-08-07,LAX,23.5,Storm
2023-08-07,ORD,1.8,Rain
2023-08-07,ATL,31.7,Sunny
2023-08-07,DFW,-1.4,Storm
2023-08-08,JFK,-6.2,Storm
2023-08-08,LAX,15.8,Storm
2023-08-08,ORD,34.8,Sunny
2023-08-08,ATL,11.6,Rain
2023-08-08,DFW,19.1,Rain
2023-08-09,JFK,25.8,Sunny
2023-08-09,LAX,-0.8,Cloudy
2023-08-09,ORD,7.1,Storm
2023-08-09,ATL,3.6,Clear
2023-08-09,DFW,-3.5,Rain
2023-08-10,JFK,-7.2,Clear
2023-08-10,LAX,22.4,Storm
2023-08-10,ORD,17.2,Rain
2023-08-10,ATL,32.3,Cloudy
2023-08-10,DFW,30.0,Sunny
2023-08-11,JFK,2.2,Storm
2023-08-11,LAX,4.0,Sunny
2023-08-11,ORD,-1.1,Sunny
2023-08-11,ATL,-2.1,Storm
2023-08-11,DFW,0.4,Clear
2023-08-12,JFK,-2.7,Rain
2023-08-12,LAX,4.9,Cloudy
2023-08-12,ORD,13.8,Cloudy
2023-08-12,ATL,29.3,Storm
2023-08-12,DFW,18.9,Cloudy
2023-08-13,JFK,7.0,Cloudy
2023-08-13,LAX,28.2,Storm
2023-08-13,ORD,3.3,Rain
2023-08-13,ATL,14.2,Storm
2023-08-13,DFW,6.8,Sunny
2023-08-14,JFK,-9.2,Rain
2023-08-14,LAX,13.3,Cloudy
2023-08-14,ORD,-7.0,Clear
2023-08-14,ATL,-2.4,Cloudy
2023-08-14,DFW,-4.6,Rain
2023-08-15,JFK,-8.5,Storm
2023-08-15,LAX,13.2,Clear
2023-08-15,ORD,26.1,Clear
2023-08-15,ATL,-4.7,Cloudy
2023-08-15,DFW,17.1,Rain
2023-08-16,JFK,33.4,Cloudy
2023-08-16,LAX,29.1,Rain
2023-08-16,ORD,20.4,Cloudy
2023-08-16,ATL,17.0,Storm
2023-08-16,DFW,8.4,Storm
2023-08-17,JFK,20.1,Storm
2023-08-17,LAX,21.6,Cloudy
2023-08-17,ORD,27.2,Rain
2023-08-17,ATL,-6.1,Clear
2023-08-17,DFW,5.3,Clear
2023-08-18,JFK,10.2,Storm
2023-08-18,LAX,-7.9,Sunny
2023-08-18,ORD,27.5,Sunny
2023-08-18,ATL,13.0,Rain
2023-08-18,DFW,20.8,Storm
2023-08-19,JFK,-5.8,Clear
2023-08-19,LAX,19.9,Rain
2023-08-19,ORD,0.3,Clear
2023-08-19,ATL,-7.6,Rain
2023-08-19,DFW,7.6,Rain
2023-08-20,JFK,-7.6,Clear
2023-08-20,LAX,-4.8,Sunny
2023-08-20,ORD,26.0,Cloudy
2023-08-20,ATL,-8.4,Clear
2023-08-20,DFW,8.6,Cloudy
2023-08-21,JFK,-3.2,Rain
2023-08-21,LAX,-2.3,Clear
2023-08-21,ORD,6.1,Storm
2023-08-21,ATL,9.7,Sunny
2023-08-21,DFW,11.0,Clear
2023-08-22,JFK,14.1,Storm
2023-08-22,LAX,20.8,Rain
2023-08-22,ORD,6.7,Sunny
2023-08-22,ATL,32.3,Rain
2023-08-22,DFW,15.5,Clear
2023-08-23,JFK,-5.0,Rain
2023-08-23,LAX,15.1,Storm
2023-08-23,ORD,33.8,Rain
2023-08-23,ATL,12.9,Clear
2023-08-23,DFW,2.4,Clear
2023-08-24,JFK,-3.2,Storm
2023-08-24,LAX,-7.3,Sunny
2023-08-24,ORD,13.1,Sunny
2023-08-24,ATL,21.3,Sunny
2023-08-24,DFW,-6.7,Sunny
2023-08-25,JFK,28.8,Clear
2023-08-25,LAX,-8.7,Clear
2023-08-25,ORD,17.1,Storm
2023-08-25,ATL,13.9,Clear
2023-08-25,DFW,-6.4,Sunny
2023-08-26,JFK,21.3,Clear
2023-08-26,LAX,22.9,Storm
2023-08-26,ORD,4.4,Clear
2023-08-26,ATL,25.1,Cloudy
2023-08-26,DFW,-8.0,Cloudy
2023-08-27,JFK,21.9,Rain
2023-08-27,LAX,25.8,Rain
2023-08-27,ORD,21.8,Rain
2023-08-27,ATL,-6.4,Rain
2023-08-27,DFW,0.2,Cloudy
2023-08-28,JFK,-3.9,Sunny
2023-08-28,LAX,9.9,Rain
2023-08-28,ORD,-4.7,Storm
2023-08-28,ATL,9.6,Sunny
2023-08-28,DFW,20.0,Cloudy
2023-08-29,JFK,19.3,Clear
2023-08-29,LAX,-5.0,Storm
2023-08-29,ORD,10.3,Clear
2023-08-29,ATL,15.9,Clear
2023-08-29,DFW,-8.7,Storm
2023-08-30,JFK,6.3,Clear
2023-08-30,LAX,16.6,Storm
2023-08-30,ORD,7.9,Cloudy
2023-08-30,ATL,28.9,Storm
2023-08-30,DFW,24.7,Sunny
2023-08-31,JFK,10.3,Cloudy
2023-08-31,LAX,2.6,Clear
2023-08-31,ORD,32.5,Rain
2023-08-31,ATL,30.7,Clear
2023-08-31,DFW,12.2,Sunny
2023-09-01,JFK,8.5,Sunny
2023-09-01,LAX,-0.8,Rain
2023-09-01,ORD,-7.2,Rain
2023-09-01,ATL,16.3,Clear
2023-09-01,DFW,5.5,Storm
2023-09-02,JFK,32.0,Rain
2023-09-02,LAX,1.0,Clear
2023-09-02,ORD,12.1,Storm
2023-09-02,ATL,-5.0,Cloudy
2023-09-02,DFW,16.6,Sunny
2023-09-03,JFK,-2.0,Sunny
2023-09-03,LAX,1.7,Cloudy
2023-09-03,ORD,27.6,Cloudy
2023-09-03,ATL,14.7,Sunny
2023-09-03,DFW,-6.9,Rain
2023-09-04,JFK,22.7,Sunny
2023-09-04,LAX,15.8,Clear
2023-09-04,ORD,1.0,Cloudy
2023-09-04,ATL,1.6,Clear
2023-09-04,DFW,21.4,Clear
2023-09-05,JFK,3.9,Clear
2023-09-05,LAX,7.6,Storm
2023-09-05,ORD,7.9,Clear
2023-09-05,ATL,34.9,Storm
2023-09-05,DFW,27.3,Sunny
2023-09-06,JFK,20.2,Sunny
2023-09-06,LAX,22.2,Storm
2023-09-06,ORD,4.8,Sunny
2023-09-06,ATL,0.8,Storm
2023-09-06,DFW,-4.8,Rain
2023-09-07,JFK,25.9,Clear
2023-09-07,LAX,0.2,Cloudy
2023-09-07,ORD,24.7,Storm
2023-09-07,ATL,34.1,Storm
2023-09-07,DFW,24.7,Cloudy
2023-09-08,JFK,27.1,Storm
2023-09-08,LAX,-4.4,Storm
2023-09-08,ORD,30.6,Clear
2023-09-08,ATL,29.4,Sunny
2023-09-08,DFW,4.7,Cloudy
2023-09-09,JFK,3.0,Storm
2023-09-09,LAX,-9.5,Cloudy
2023-09-09,ORD,18.6,Sunny
2023-09-09,ATL,-3.1,Sunny
2023-09-09,DFW,-2.9,Cloudy
2023-09-10,JFK,6.3,Sunny
2023-09-10,LAX,6.0,Storm
2023-09-10,ORD,-6.7,Sunny
2023-09-10,ATL,4.3,Storm
2023-09-10,DFW,-2.5,Rain
2023-09-11,JFK,5.7,Sunny
2023-09-11,LAX,9.1,Rain
2023-09-11,ORD,32.7,Cloudy
2023-09-11,ATL,-2.2,Clear
2023-09-11,DFW,20.0,Sunny
2023-09-12,JFK,8.0,Storm
2023-09-12,LAX,-0.3,Clear
2023-09-12,ORD,28.0,Storm
2023-09-12,ATL,3.1,Storm
2023-09-12,DFW,31.5,Sunny
2023-09-13,JFK,4.5,Clear
2023-09-13,LAX,0.7,Cloudy
2023-09-13,ORD,-4.7,Sunny
2023-09-13,ATL,1.8,Sunny
2023-09-13,DFW,-3.0,Rain
2023-09-14,JFK,1.7,Sunny
2023-09-14,LAX,-7.5,Rain
2023-09-14,ORD,32.4,Sunny
2023-09-14,ATL,17.5,Sunny
2023-09-14,DFW,25.4,Sunny
2023-09-15,JFK,4.2,Sunny
2023-09-15,LAX,10.9,Sunny
2023-09-15,ORD,-3.3,Sunny
2023-09-15,ATL,14.7,Rain
2023-09-15,DFW,14.4,Storm
2023-09-16,JFK,-4.5,Cloudy
2023-09-16,LAX,26.6,Rain
2023-09-16,ORD,29.0,Storm
2023-09-16,ATL,23.5,Sunny
2023-09-16,DFW,-4.4,Storm
2023-09-17,JFK,5.7,Storm
2023-09-17,LAX,20.3,Sunny
2023-09-17,ORD,20.6,Clear
2023-09-17,ATL,-4.5,Storm
2023-09-17,DFW,6.5,Clear
2023-09-18,JFK,7.5,Storm
2023-09-18,LAX,11.9,Sunny
2023-09-18,ORD,10.7,Storm
2023-09-18,ATL,28.2,Clear
2023-09-18,DFW,32.2,Storm
2023-09-19,JFK,2.9,Sunny
2023-09-19,LAX,26.1,Cloudy
2023-09-19,ORD,10.0,Clear
2023-09-19,ATL,-7.3,Clear
2023-09-19,DFW,16.3,Storm
2023-09-20,JFK,-9.2,Storm
2023-09-20,LAX,8.5,Cloudy
2023-09-20,ORD,10.9,Storm
2023-09-20,ATL,11.7,Cloudy
2023-09-20,DFW,1.3,Cloudy
2023-09-21,JFK,34.5,Sunny
2023-09-21,LAX,26.0,Clear
2023-09-21,ORD,31.0,Cloudy
2023-09-21,ATL,-0.5,Cloudy
2023-09-21,DFW,15.3,Storm
2023-09-22,JFK,-4.1,Storm
2023-09-22,LAX,10.1,Clear
2023-09-22,ORD,8.1,Sunny
2023-09-22,ATL,-3.4,Clear
2023-09-22,DFW,9.0,Storm
2023-09-23,JFK,29.6,Sunny
2023-09-23,LAX,32.0,Cloudy
2023-09-23,ORD,-9.9,Cloudy
2023-09-23,ATL,15.7,Sunny
2023-09-23,DFW,25.3,Sunny
2023-09-24,JFK,4.1,Sunny
2023-09-24,LAX,10.4,Rain
2023-09-24,ORD,31.4,Clear
2023-09-24,ATL,32.8,Storm
2023-09-24,DFW,-4.2,Sunny
2023-09-25,JFK,-8.3,Storm
2023-09-25,LAX,7.0,Clear
2023-09-25,ORD,33.8,Rain
2023-09-25,ATL,11.3,Cloudy
2023-09-25,DFW,16.4,Clear
2023-09-26,JFK,24.6,Rain
2023-09-26,LAX,16.7,Sunny
2023-09-26,ORD,16.4,Clear
2023-09-26,ATL,11.2,Clear
2023-09-26,DFW,19.3,Sunny
2023-09-27,JFK,-7.9,Cloudy
2023-09-27,LAX,20.3,Storm
2023-09-27,ORD,20.5,Cloudy
2023-09-27,ATL,-6.6,Rain
2023-09-27,DFW,-7.2,Cloudy
2023-09-28,JFK,5.3,Rain
2023-09-28,LAX,3.6,Clear
2023-09-28,ORD,-5.8,Clear
2023-09-28,ATL,1.6,Sunny
2023-09-28,DFW,25.6,Rain
2023-09-29,JFK,18.6,Sunny
2023-09-29,LAX,-0.1,Sunny
2023-09-29,ORD,8.1,Sunny
2023-09-29,ATL,-4.4,Sunny
2023-09-29,DFW,2.0,Sunny
2023-09-30,JFK,-4.0,Cloudy
2023-09-30,LAX,8.1,Storm
2023-09-30,ORD,12.3,Cloudy
2023-09-30,ATL,27.2,Clear
2023-09-30,DFW,13.0,Sunny
2023-10-01,JFK,-2.3,Sunny
2023-10-01,LAX,-8.3,Storm
2023-10-01,ORD,-0.4,Sunny
2023-10-01,ATL,6.7,Clear
2023-10-01,DFW,8.7,Storm
2023-10-02,JFK,18.6,Clear
2023-10-02,LAX,0.1,Clear
2023-10-02,ORD,23.6,Cloudy
2023-10-02,ATL,8.2,Sunny
2023-10-02,DFW,29.2,Storm
2023-10-03,JFK,29.4,Cloudy
2023-10-03,LAX,2.1,Cloudy
2023-10-03,ORD,17.3,Rain
2023-10-03,ATL,3.6,Cloudy
2023-10-03,DFW,32.8,Cloudy
2023-10-04,JFK,0.3,Clear
2023-10-04,LAX,-8.7,Sunny
2023-10-04,ORD,-9.9,Storm
2023-10-04,ATL,27.9,Rain
2023-10-04,DFW,24.0,Storm
2023-10-05,JFK,26.7,Sunny
2023-10-05,LAX,31.6,Rain
2023-10-05,ORD,17.8,Rain
2023-10-05,ATL,10.3,Sunny
2023-10-05,DFW,-9.6,Clear
2023-10-06,JFK,28.9,Storm
2023-10-06,LAX,26.6,Rain
2023-10-06,ORD,-7.4,Storm
2023-10-06,ATL,1.0,Clear
2023-10-06,DFW,11.9,Clear
2023-10-07,JFK,0.6,Rain
2023-10-07,LAX,12.9,Clear
2023-10-07,ORD,19.1,Storm
2023-10-07,ATL,15.0,Cloudy
2023-10-07,DFW,-7.7,Clear
2023-10-08,JFK,11.7,Cloudy
2023-10-08,LAX,23.6,Sunny
2023-10-08,ORD,22.1,Rain
2023-10-08,ATL,23.1,Storm
2023-10-08,DFW,15.4,Sunny
2023-10-09,JFK,24.3,Rain
2023-10-09,LAX,33.6,Cloudy
2023-10-09,ORD,25.3,Sunny
2023-10-09,ATL,23.6,Sunny
2023-10-09,DFW,-4.7,Storm
2023-10-10,JFK,14.6,Storm
2023-10-10,LAX,16.6,Storm
2023-10-10,ORD,18.1,Sunny
2023-10-10,ATL,27.6,Rain
2023-10-10,DFW,17.8,Storm
2023-10-11,JFK,33.7,Cloudy
2023-10-11,LAX,25.0,Rain
2023-10-11,ORD,16.3,Clear
2023-10-11,ATL,15.7,Cloudy
2023-10-11,DFW,6.1,Storm
2023-10-12,JFK,-2.8,Rain
2023-10-12,LAX,7.4,Cloudy
2023-10-12,ORD,16.1,Clear
2023-10-12,ATL,32.8,Storm
2023-10-12,DFW,8.0,Cloudy
2023-10-13,JFK,17.6,Clear
2023-10-13,LAX,27.1,Cloudy
2023-10-13,ORD,7.6,Rain
2023-10-13,ATL,-0.9,Cloudy
2023-10-13,DFW,33.9,Sunny
2023-10-14,JFK,8.1,Cloudy
2023-10-14,LAX,-5.5,Storm
2023-10-14,ORD,31.7,Sunny
2023-10-14,ATL,13.4,Rain
2023-10-14,DFW,8.8,Rain
2023-10-15,JFK,-7.6,Clear
2023-10-15,LAX,32.3,Rain
2023-10-15,ORD,-9.8,Rain
2023-10-15,ATL,13.0,Rain
2023-10-15,DFW,6.4,Cloudy
2023-10-16,JFK,-2.2,Cloudy
2023-10-16,LAX,20.8,Storm
2023-10-16,ORD,0.6,Cloudy
2023-10-16,ATL,4.3,Rain
2023-10-16,DFW,23.7,Storm
2023-10-17,JFK,-6.7,Cloudy
2023-10-17,LAX,26.1,Storm
2023-10-17,ORD,8.8,Cloudy
2023-10-17,ATL,27.1,Storm
2023-10-17,DFW,-4.2,Clear
2023-10-18,JFK,20.2,Rain
2023-10-18,LAX,13.3,Clear
2023-10-18,ORD,2.8,Rain
2023-10-18,ATL,24.7,Clear
2023-10-18,DFW,-3.8,Cloudy
2023-10-19,JFK,7.2,Clear
2023-10-19,LAX,-6.1,Rain
2023-10-19,ORD,13.6,Storm
2023-10-19,ATL,0.8,Cloudy
2023-10-19,DFW,23.2,Rain
2023-10-20,JFK,30.9,Clear
2023-10-20,LAX,26.4,Rain
2023-10-20,ORD,25.3,Sunny
2023-10-20,ATL,33.0,Rain
2023-10-20,DFW,15.0,Cloudy
2023-10-21,JFK,11.2,Storm
2023-10-21,LAX,25.8,Sunny
2023-10-21,ORD,31.3,Clear
2023-10-21,ATL,25.5,Rain
2023-10-21,DFW,11.3,Rain
2023-10-22,JFK,31.4,Clear
2023-10-22,LAX,7.5,Clear
2023-10-22,ORD,4.6,Rain
2023-10-22,ATL,2.0,Clear
2023-10-22,DFW,27.2,Rain
2023-10-23,JFK,24.4,Storm
2023-10-23,LAX,27.8,Rain
2023-10-23,ORD,28.5,Rain
2023-10-23,ATL,17.9,Clear
2023-10-23,DFW,33.1,Clear
2023-10-24,JFK,20.5,Rain
2023-10-24,LAX,-4.2,Rain
2023-10-24,ORD,24.7,Rain
2023-10-24,ATL,1.2,Sunny
2023-10-24,DFW,2.1,Cloudy
2023-10-25,JFK,23.7,Storm
2023-10-25,LAX,25.8,Rain
2023-10-25,ORD,14.5,Cloudy
2023-10-25,ATL,27.6,Storm
2023-10-25,DFW,33.8,Rain
2023-10-26,JFK,6.3,Cloudy
2023-10-26,LAX,16.2,Storm
2023-10-26,ORD,-6.5,Clear
2023-10-26,ATL,11.8,Cloudy
2023-10-26,DFW,7.4,Storm
2023-10-27,JFK,11.9,Storm
2023-10-27,LAX,17.8,Storm
2023-10-27,ORD,29.4,Cloudy
2023-10-27,ATL,19.3,Clear
2023-10-27,DFW,24.6,Storm
2023-10-28,JFK,31.6,Cloudy
2023-10-28,LAX,32.3,Storm
2023-10-28,ORD,30.4,Storm
2023-10-28,ATL,30.7,Storm
2023-10-28,DFW,19.1,Rain
2023-10-29,JFK,23.1,Sunny
2023-10-29,LAX,-4.7,Clear
2023-10-29,ORD,25.7,Storm
2023-10-29,ATL,14.2,Storm
2023-10-29,DFW,-4.3,Rain
2023-10-30,JFK,22.5,Rain
2023-10-30,LAX,-9.9,Storm
2023-10-30,ORD,14.4,Cloudy
2023-10-30,ATL,5.4,Storm
2023-10-30,DFW,-8.6,Rain
2023-10-31,JFK,31.0,Rain
2023-10-31,LAX,24.4,Rain
2023-10-31,ORD,10.8,Storm
2023-10-31,ATL,30.4,Storm
2023-10-31,DFW,-9.8,Rain
2023-11-01,JFK,11.7,Clear
2023-11-01,LAX,8.5,Sunny
2023-11-01,ORD,20.9,Storm
2023-11-01,ATL,3.9,Sunny
2023-11-01,DFW,-1.3,Sunny
2023-11-02,JFK,31.8,Rain
2023-11-02,LAX,-2.5,Cloudy
2023-11-02,ORD,16.7,Rain
2023-11-02,ATL,15.1,Sunny
2023-11-02,DFW,-4.6,Cloudy
2023-11-03,JFK,32.1,Storm
2023-11-03,LAX,4.2,Clear
2023-11-03,ORD,-6.0,Clear
2023-11-03,ATL,8.0,Cloudy
2023-11-03,DFW,29.0,Clear
2023-11-04,JFK,9.5,Sunny
2023-11-04,LAX,29.8,Storm
2023-11-04,ORD,1.8,Storm
2023-11-04,ATL,11.3,Rain
2023-11-04,DFW,-4.7,Sunny
2023-11-05,JFK,24.4,Storm
2023-11-05,LAX,7.8,Rain
2023-11-05,ORD,28.3,Cloudy
2023-11-05,ATL,10.8,Rain
2023-11-05,DFW,2.0,Storm
2023-11-06,JFK,9.8,Cloudy
2023-11-06,LAX,4.4,Rain
2023-11-06,ORD,20.6,Storm
2023-11-06,ATL,4.0,Storm
2023-11-06,DFW,-9.4,Storm
2023-11-07,JFK,21.2,Clear
2023-11-07,LAX,17.5,Cloudy
2023-11-07,ORD,-9.8,Storm
2023-11-07,ATL,30.9,Storm
2023-11-07,DFW,-8.6,Rain
2023-11-08,JFK,5.1,Storm
2023-11-08,LAX,20.3,Rain
2023-11-08,ORD,20.2,Rain
2023-11-08,ATL,2.5,Clear
2023-11-08,DFW,-7.2,Storm
2023-11-09,JFK,31.9,Storm
2023-11-09,LAX,34.7,Cloudy
2023-11-09,ORD,-8.9,Storm
2023-11-09,ATL,-2.1,Cloudy
2023-11-09,DFW,29.2,Clear
2023-11-10,JFK,28.0,Sunny
2023-11-10,LAX,0.7,Storm
2023-11-10,ORD,33.1,Cloudy
2023-11-10,ATL,22.8,Rain
2023-11-10,DFW,-8.8,Rain
2023-11-11,JFK,32.1,Rain
2023-11-11,LAX,1.5,Sunny
2023-11-11,ORD,12.4,Rain
2023-11-11,ATL,29.8,Clear
2023-11-11,DFW,30.0,Storm
2023-11-12,JFK,4.0,Cloudy
2023-11-12,LAX,5.5,Sunny
2023-11-12,ORD,1.9,Rain
2023-11-12,ATL,29.6,Rain
2023-11-12,DFW,31.9,Cloudy
2023-11-13,JFK,28.1,Clear
2023-11-13,LAX,28.9,Storm
2023-11-13,ORD,18.9,Sunny
2023-11-13,ATL,17.3,Cloudy
2023-11-13,DFW,-3.4,Sunny
2023-11-14,JFK,31.2,Sunny
2023-11-14,LAX,23.1,Storm
2023-11-14,ORD,0.6,Cloudy
2023-11-14,ATL,-1.9,Clear
2023-11-14,DFW,17.2,Clear
2023-11-15,JFK,4.7,Cloudy
2023-11-15,LAX,-5.7,Rain
2023-11-15,ORD,-9.0,Cloudy
2023-11-15,ATL,25.9,Cloudy
2023-11-15,DFW,20.0,Storm
2023-11-16,JFK,16.4,Rain
2023-11-16,LAX,-1.8,Storm
2023-11-16,ORD,21.0,Clear
2023-11-16,ATL,30.4,Storm
2023-11-16,DFW,28.2,Sunny
2023-11-17,JFK,9.9,Rain
2023-11-17,LAX,-0.3,Storm
2023-11-17,ORD,13.4,Storm
2023-11-17,ATL,21.2,Clear
2023-11-17,DFW,2.9,Cloudy
2023-11-18,JFK,25.4,Cloudy
2023-11-18,LAX,9.3,Rain
2023-11-18,ORD,24.9,Cloudy
2023-11-18,ATL,5.5,Cloudy
2023-11-18,DFW,14.0,Sunny
2023-11-19,JFK,16.1,Clear
2023-11-19,LAX,21.0,Sunny
2023-11-19,ORD,-10.0,Clear
2023-11-19,ATL,29.1,Cloudy
2023-11-19,DFW,16.5,Sunny
2023-11-20,JFK,-4.6,Storm
2023-11-20,LAX,22.0,Sunny
2023-11-20,ORD,18.9,Clear
2023-11-20,ATL,12.9,Storm
2023-11-20,DFW,-7.0,Clear
2023-11-21,JFK,12.6,Storm
2023-11-21,LAX,31.4,Clear
2023-11-21,ORD,18.2,Clear
2023-11-21,ATL,4.4,Sunny
2023-11-21,DFW,9.1,Rain
2023-11-22,JFK,-6.0,Cloudy
2023-11-22,LAX,12.6,Storm
2023-11-22,ORD,13.1,Cloudy
2023-11-22,ATL,7.9,Rain
2023-11-22,DFW,-6.8,Rain
2023-11-23,JFK,2.2,Clear
2023-11-23,LAX,-1.5,Rain
2023-11-23,ORD,-6.7,Storm
2023-11-23,ATL,29.2,Rain
2023-11-23,DFW,13.5,Rain
2023-11-24,JFK,32.8,Cloudy
2023-11-24,LAX,32.7,Rain
2023-11-24,ORD,20.4,Cloudy
2023-11-24,ATL,22.4,Rain
2023-11-24,DFW,7.1,Rain
2023-11-25,JFK,11.4,Sunny
2023-11-25,LAX,24.7,Rain
2023-11-25,ORD,22.3,Clear
2023-11-25,ATL,-8.5,Cloudy
2023-11-25,DFW,33.4,Rain
2023-11-26,JFK,23.9,Clear
2023-11-26,LAX,5.6,Cloudy
2023-11-26,ORD,17.2,Storm
2023-11-26,ATL,30.8,Storm
2023-11-26,DFW,17.8,Clear
2023-11-27,JFK,7.4,Clear
2023-11-27,LAX,32.4,Rain
2023-11-27,ORD,11.7,Rain
2023-11-27,ATL,6.5,Storm
2023-11-27,DFW,12.9,Rain
2023-11-28,JFK,11.4,Rain
2023-11-28,LAX,-0.6,Rain
2023-11-28,ORD,4.4,Clear
2023-11-28,ATL,14.4,Storm
2023-11-28,DFW,18.0,Rain
2023-11-29,JFK,5.6,Cloudy
2023-11-29,LAX,30.4,Cloudy
2023-11-29,ORD,-0.8,Sunny
2023-11-29,ATL,15.8,Storm
2023-11-29,DFW,7.1,Storm
2023-11-30,JFK,23.6,Cloudy
2023-11-30,LAX,8.4,Rain
2023-11-30,ORD,-5.4,Sunny
2023-11-30,ATL,21.7,Sunny
2023-11-30,DFW,-2.4,Storm
2023-12-01,JFK,7.7,Sunny
2023-12-01,LAX,30.2,Cloudy
2023-12-01,ORD,-6.3,Cloudy
2023-12-01,ATL,4.5,Cloudy
2023-12-01,DFW,18.0,Clear
2023-12-02,JFK,-7.2,Clear
2023-12-02,LAX,11.7,Clear
2023-12-02,ORD,25.4,Sunny
2023-12-02,ATL,0.1,Clear
2023-12-02,DFW,24.0,Clear
2023-12-03,JFK,25.5,Rain
2023-12-03,LAX,20.1,Rain
2023-12-03,ORD,-0.5,Storm
2023-12-03,ATL,8.9,Clear
2023-12-03,DFW,21.1,Sunny
2023-12-04,JFK,1.4,Cloudy
2023-12-04,LAX,20.7,Rain
2023-12-04,ORD,-7.7,Rain
2023-12-04,ATL,12.9,Rain
2023-12-04,DFW,0.9,Rain
2023-12-05,JFK,13.2,Storm
2023-12-05,LAX,19.6,Cloudy
2023-12-05,ORD,29.7,Rain
2023-12-05,ATL,4.3,Storm
2023-12-05,DFW,33.7,Clear
2023-12-06,JFK,2.0,Sunny
2023-12-06,LAX,-3.2,Rain
2023-12-06,ORD,-7.7,Clear
2023-12-06,ATL,-5.2,Storm
2023-12-06,DFW,8.7,Clear
2023-12-07,JFK,11.7,Cloudy
2023-12-07,LAX,8.7,Rain
2023-12-07,ORD,-2.5,Rain
2023-12-07,ATL,-2.3,Sunny
2023-12-07,DFW,30.6,Sunny
2023-12-08,JFK,34.4,Cloudy
2023-12-08,LAX,11.4,Sunny
2023-12-08,ORD,18.2,Storm
2023-12-08,ATL,10.7,Sunny
2023-12-08,DFW,16.5,Clear
2023-12-09,JFK,27.5,Clear
2023-12-09,LAX,-8.1,Sunny
2023-12-09,ORD,12.0,Storm
2023-12-09,ATL,31.8,Clear
2023-12-09,DFW,23.4,Sunny
2023-12-10,JFK,16.5,Rain
2023-12-10,LAX,26.3,Sunny
2023-12-10,ORD,-5.4,Storm
2023-12-10,ATL,8.3,Rain
2023-12-10,DFW,33.7,Sunny
2023-12-11,JFK,-5.7,Clear
2023-12-11,LAX,18.3,Clear
2023-12-11,ORD,21.2,Sunny
2023-12-11,ATL,34.7,Cloudy
2023-12-11,DFW,30.7,Sunny
2023-12-12,JFK,6.5,Clear
2023-12-12,LAX,1.3,Cloudy
2023-12-12,ORD,20.8,Storm
2023-12-12,ATL,16.4,Cloudy
2023-12-12,DFW,0.7,Sunny
2023-12-13,JFK,33.8,Sunny
2023-12-13,LAX,16.1,Clear
2023-12-13,ORD,20.9,Rain
2023-12-13,ATL,26.2,Sunny
2023-12-13,DFW,6.2,Storm
2023-12-14,JFK,20.8,Rain
2023-12-14,LAX,26.6,Rain
2023-12-14,ORD,-5.7,Cloudy
2023-12-14,ATL,-8.6,Sunny
2023-12-14,DFW,-5.3,Sunny
2023-12-15,JFK,23.6,Cloudy
2023-12-15,LAX,-1.4,Storm
2023-12-15,ORD,14.2,Sunny
2023-12-15,ATL,6.2,Cloudy
2023-12-15,DFW,33.7,Storm
2023-12-16,JFK,24.6,Cloudy
2023-12-16,LAX,32.8,Rain
2023-12-16,ORD,4.5,Rain
2023-12-16,ATL,0.3,Cloudy
2023-12-16,DFW,26.7,Cloudy
2023-12-17,JFK,27.3,Clear
2023-12-17,LAX,10.8,Clear
2023-12-17,ORD,29.7,Cloudy
2023-12-17,ATL,4.6,Clear
2023-12-17,DFW,14.2,Clear
2023-12-18,JFK,21.9,Storm
2023-12-18,LAX,-0.8,Clear
2023-12-18,ORD,18.3,Rain
2023-12-18,ATL,12.6,Rain
2023-12-18,DFW,26.7,Sunny
2023-12-19,JFK,-7.3,Rain
2023-12-19,LAX,-7.8,Clear
2023-12-19,ORD,4.6,Clear
2023-12-19,ATL,2.7,Storm
2023-12-19,DFW,34.1,Rain
2023-12-20,JFK,27.3,Storm
2023-12-20,LAX,25.5,Storm
2023-12-20,ORD,29.2,Clear
2023-12-20,ATL,11.2,Clear
2023-12-20,DFW,-6.8,Sunny
2023-12-21,JFK,-5.3,Clear
2023-12-21,LAX,10.7,Rain
2023-12-21,ORD,-2.9,Cloudy
2023-12-21,ATL,13.7,Storm
2023-12-21,DFW,2.1,Cloudy
2023-12-22,JFK,6.8,Rain
2023-12-22,LAX,17.8,Sunny
2023-12-22,ORD,4.2,Clear
2023-12-22,ATL,15.0,Clear
2023-12-22,DFW,21.5,Storm
2023-12-23,JFK,17.1,Sunny
2023-12-23,LAX,26.6,Clear
2023-12-23,ORD,1.8,Cloudy
2023-12-23,ATL,29.6,Sunny
2023-12-23,DFW,-1.5,Rain
2023-12-24,JFK,33.3,Storm
2023-12-24,LAX,30.8,Cloudy
2023-12-24,ORD,30.3,Storm
2023-12-24,ATL,-8.8,Cloudy
2023-12-24,DFW,-1.8,Cloudy
2023-12-25,JFK,9.0,Rain
2023-12-25,LAX,28.0,Rain
2023-12-25,ORD,-10.0,Cloudy
2023-12-25,ATL,11.2,Cloudy
2023-12-25,DFW,30.5,Cloudy
2023-12-26,JFK,26.0,Storm
2023-12-26,LAX,18.2,Cloudy
2023-12-26,ORD,9.1,Cloudy
2023-12-26,ATL,-9.9,Cloudy
2023-12-26,DFW,27.5,Rain
2023-12-27,JFK,18.7,Clear
2023-12-27,LAX,16.3,Sunny
2023-12-27,ORD,14.7,Sunny
2023-12-27,ATL,10.2,Storm
2023-12-27,DFW,1.0,Sunny
2023-12-28,JFK,11.7,Cloudy
2023-12-28,LAX,26.7,Cloudy
2023-12-28,ORD,-2.2,Rain
2023-12-28,ATL,15.5,Sunny
2023-12-28,DFW,23.8,Rain
2023-12-29,JFK,-6.7,Clear
2023-12-29,LAX,-8.1,Storm
2023-12-29,ORD,13.9,Clear
2023-12-29,ATL,15.7,Sunny
2023-12-29,DFW,16.5,Sunny
2023-12-30,JFK,30.3,Sunny
2023-12-30,LAX,26.8,Rain
2023-12-30,ORD,18.8,Cloudy
2023-12-30,ATL,1.9,Sunny
2023-12-30,DFW,22.5,Clear
2023-12-31,JFK,7.3,Cloudy
2023-12-31,LAX,29.2,Clear
2023-12-31,ORD,26.0,Sunny
2023-12-31,ATL,-4.5,Cloudy
2023-12-31,DFW,-1.3,Sunny
